post_id,title,selftext,created_utc,comments
1exlxea,Why I'm so much afraid of loosing someone whom I didn't met even once? ,"Why I'm so much scared of loosing someone whom I didn't met even once 

Actually I'm frm Mumbai and i started taking with a girl basically she's from uttarakhand complete different culture and all the thing it's been 6 month we've started talking and we are in relationship she's the one who's mature more than me ,during the entire relationship she's very loyal gave full time to me treated me like prince. Never any girl treated me like this she used to talk to me entire day and night and whenever we have a fightw she used to call me and say sorry always (chahe meri galti ho sorry vo bol deti thi) and from last two to three months I've started loving her too much can't even imagine my day without her message andt i started giving her my full time as my msc also started even after that i gave her my full time and all possible that i can do for her to make her happy.... From past 2 week she don't use to msg me  before 2 pm and when I ask what happened she said she's busy withg household work but these never happened in 6 month and she's almost stopped talking to me and tomorrow she told me that she don't love me and said that we have to be mature and she want to  focus on her career as she's also starring with herc msc 
(Kal puri raat main so nhi paya aankh band krte hi mujhe kuch ajeeb sa view aane lg rha tha like I'm running my here and there mtlb purat raat aisa hua subah google pe maine. Search kiya toh pta chala yeh mental trauma hota h toh aisa hota h  actually maine usko block krdiya h but I'm still sad and very depressed. Isse pehle ek baar main roya tha then yeh sab symptoms nhi aaye the is baar aisa ho rha h any reason and how to overcome?) ",2024-08-21 10:16:02,"['I ainâ€™t reading all that cause I know I am gonna ruin my happy mood because of you but\n\nI am happy for you or I am very sorry that this happened to you . \n\nIf itâ€™s about a girl , muth maro Aur so jao', 'If youâ€™re guy, This shit happens, smoke weed or take few drinks, get back to your work', 'Schizophrenia', 'Bro I\'m a girl but I had a male friend few years back.\n\nWe used to talk everyday and reply each other in literally  seconds. He used to say how I\'m such a good person and the best.\n\nFast forward, he then began to take hours to reply. I thought he might be busy and all and tried to be understanding.\n\nBut this continued and he used to say that he\'s busy now, he have a life outside his phone and can\'t be that active all the time because of career. \nAnd I was like: wth? Weren\'t you active literally 24/7 when we became friends. \n\nLater on I found out that he have a crush on some girl who then became his gf. So he clearly said:\n\n""You aren\'t my priority and I don\'t like you. \nHe said that he is not entitled to reply me quick because I\'m just an online friend and that I\'m of lesser importance than his real life friends. \n\nI wish I was mature enough to ask him to f off. But at that time I used to cry that how quick this dude changed. And thought that maybe he\'s depressed and need my help LMAO\n\nIn short: since he found someone more interesting he stopped putting effort on lesser important things.\n\nAnd guess what? Dude dated the biggest red flag and is still suffering. I\'m not happy at his condition but he brought that on himself', 'Aag se khel rha h', 'ğŸ™ƒğŸ™ƒ', '![img](emote|t5_2qp7h|51097)', ""I don't do all these but I'll find another way"", 'Mean?', ""Exactly all the  same thing happened with me  and it's very hard to believe that she's no longer a part of my life I literally used to discuss everything like I used to discuss with my male friends and because of this it's very hard to move on but i think  with time everything will be okkk"", 'ğŸ¥º', 'Competitive games , not less than a drug , does the job', ""Schizophrenia is a serious mental health condition that affects how people think, feel and behave. It may result in a mix of hallucinations, delusions, and disorganized thinking and behavior. Hallucinations involve seeing things or hearing voices that aren't observed by others. *Delusions involve firm beliefs about things that are not true.*\n\nLore : https://www.mayoclinic.org/diseases-conditions/schizophrenia/symptoms-causes/syc-20354443"", ""This's life bro. And yes with time everything will be fine, just like how I matured and moved on without any feelings left.\n\nBroke of the contact years ago"", 'Yeah true']"
1es8sad,need help regarding lg ultragear monitor,"Bought a new lg ultragear monitor 1 month back and it is getting blackened from the left side as shown in the pics...would appreciate help in knowing what is happening...also how to fix this??

https://preview.redd.it/m4ypo8i98oid1.jpg?width=1600&format=pjpg&auto=webp&s=70a4fd11f4c5b0918eba5fc8699bb4a0e1f521bd

https://preview.redd.it/izp4pyma8oid1.jpg?width=1600&format=pjpg&auto=webp&s=63bb75f0c55ec758ce7d3b9397b061dceaf7986a

",2024-08-14 18:16:23,[]
1eqeq98,Backlights for Tvs,"So I have recently purchased LG C2 for my ps5 and things are crazy over here...now I want final backlights to complete the grand tv set up..The budget is already outstretched now I want within 1k-2k, I had seen govee light but that went above 3k so suggest some multicolour rgb lights within 1k-2k",2024-08-12 14:09:54,[]
1edzcx8,How much custom duties am I expected to pay if I import it to India and shipping charges is 100 USD so that's 200USD,"Before advice, I've been suffering from nostalgic depression for the past few days. I miss the joy of holding a blue rays and dvds. So it's all about making me feel happy by paying a reasonable price. If there are alternatives, you can suggest me that too",2024-07-28 04:38:34,"['â€¢\t\u206020% BCD + 10% Cess = 22%\n\nâ€¢\t\u2060And then there is 18% GST on top of that.\n\nAnd if your shipping charges are more than 20% of your invoice value, then they are also subjected to duties.\n\nAlso i have been there in your position dude. i know how feel. to the point i still drive a car from 2007, use cassette player to play music.', ""As far as I know it will be 38% of the item value. (20% BCD + 18% GST). I don't know if Anti-Dumping duty will apply to it, so I haven't included that estimate."", ""Atleast whether blue discs free from duties and import taxes?\n\nCuz it's below 5k rs. Before, I've ordered merches below 5k and they didn't charge me extra"", '20% bcd plus there is 10% cess on top of that. \n\nso 22% + 18% IGST.', ""Can't you buy blu rays locally? I am sure if you look diligently enough you could find them."", 'Crap, I forgot about cess. So yeah that comes to about 40%.', ""Sadly the ones I love are not available here. That really sucks. I always keep things old school. Whenever I stream or a read a book digitally or online, it doesn't really satisfy me. My best hope is they don't charge for dvds and blue rays ğŸ˜"", 'I can feel you.\n\nbut most probably blurays are subjected to duties.']"
1e33wys,First time washing machine buyer and confused which is good,"I have 3 choices to make and I'm confused. Your help would be appreciated

1. SAMSUNG 9 kg 5 Star Fully Automatic Front Load
https://dl.flipkart.com/s/RG6l1uNNNN

2. LG 9 kg 5 Star
https://dl.flipkart.com/s/RG6mz6NNNN

3. BOSCH 9 kg Fully Automatic 
https://dl.flipkart.com/s/h1acONuuuN

Also suggest me which subreddit I should ask these type of questions like which is good or bad products , which to buy and not buy because I don't know if it's right sub to ask this.",2024-07-14 14:40:58,"['Go for Bosch', 'We use all LG appliances at home and it has never let us down.\n\nYou can trust LG.', 'Bosch', ""There's a channel called The Grapevine that does appliance reviews. I don't think that she tests every appliance and most probably compares appliances based on public specs.\n\nhttps://www.youtube.com/@TheGrapevineIndia/search?query=washing"", 'I wont recommend on brand as weâ€™ve had lg and whirpool and both have worked well till they didnt. I would say that dont buy a front load as a first time buyer. They r usually very heavy and when my family used it, they had a higher failure rate (15 20yrs ago).', 'Go with IFB. Best brand out there.', 'Does front load WM have dryer like the top loads have ?', ""Okay..is there dryer/spinner(I don't know what it's called but it just clothes are dried around 80%) present in front load WM like the top loads have ?"", 'My neighbour had ifb but they had really terrible customer service experience as we live in tire 2 city.', 'I dont think its an exclusive feature. U can confirm by going to any shop and checking. All auto wms (should) have a dryer cycle.', 'Any recommendations for top load WM between 15 to 20k?']"
1dptd71,"LG OLED, Started flickering out of nowhereğŸ¥²ğŸ¥² please suggest what should I do?",Same as title ,2024-06-27 15:00:20,"['Just hit it a few times![img](emote|t5_2qp7h|51090)', 'Bhai pehle toh apne chote bhai ko maar, phir tv ke peeche do thappad maar, dono sahi ho jayenge.', 'Check if it is under warranty. Maybe an issue with the display circuit.', 'Smack it a bit']"
1d4t3l9,Is it reliable to buy ac online???,"I live in a village near a tier 2 city in Gujarat. I visited multiple shops offline as well as checked online and found 4 brands of ac to be attractive: Daikin, bluestar, Hitachi, LG.

The offline prices are all 3-4k higher than online and am also getting cashback from my credit card but I'm in a dilemma whether buying online is reliable as you know parents and relatives say ""beta agar kharab ho gaya toh kya karoge"".
So considering all the factors like reliability and after sales service is it good to buy online???

Btw I only have LG service centre in my nearby city",2024-05-31 11:13:45,"['LG is a bit expensive but their service is good. They might charge for installation (they charged me Rs 1100). I bought offline but the shop sent me some local guys to install and they did a very bad job. I had to call LG support to reinstall the AC. They were professional', 'In service terms, it makes no difference weather you buy online or offline.\n\nThe service person will come from brand only.\n\nAlso check Daikin - [https://www.youtube.com/watch?v=KZx1nedetp8&t=1s](https://www.youtube.com/watch?v=KZx1nedetp8&t=1s)', ""Ohh I'll take that in consideration""]"
1cmxf4t,I want to buy a fridge. Preferably French door cuz of mum but side by side b chlega. LG or Samsung? And would it matter if I opt for Assembled in India or an Imported one in terms of repairability? ,Chitra kewal dhyan aakarshit krne hetu. ,2024-05-08 05:59:58,[]
1cj6v32,Which flavour do you like?  ,,2024-05-03 11:58:38,[]
1cc3y68,How old is the fridge at your house? ,"We have a LG fridge that my parents bought in 2005. Still works without any problem and hasn't needed any major repairs in 18 years. Might easily go on for 5-6 years more, or maybe even more- there is no saying. ",2024-04-24 17:20:29,"['21 years no cap', '36 yr old godrej', '7 ig', '16 yrs', '18 yrs. Godrej pentacool. But we are replacing it this year.', '20+ years old (Whirlpool) Works without any problem. No repair and no issue till date.', '23 years !!', 'My grandfather bought it in 1982(kelvinator).... almost 42 yrs... we replaced it 2 months back.', ""He's not a fridge he's like my younger brotherğŸ˜‚ twenty freaking three years old"", '17 year', 'Recently sold 20 year old Whirlpool smol  fridge for a new bigger lg one... That thing refused to die... Still working like new and prolly will work for 10 yo more', '6', 'dude... you might have jinxed it...', '11', '20 years(whirlpool), my fridge is older than me.', '23 years Lg model', 'Now letâ€™s see how long it worksâ€¦ nazar ğŸ§¿ khud ki', 'Wth!!\n\nPics please', 'Arey aunty ji aap?']"
1cb7kn5,Solo evening date,,2024-04-23 15:32:32,"['https://preview.redd.it/i05vpen969wc1.png?width=1080&format=pjpg&auto=webp&s=8c0ae293e29fcd1c3d036b17fc76575279c496ac\n\nHaa mummy padhai kr ra hu', 'Mai bhi aa Raha hu. Char hot wings order karke rakho', '*cries in tanhayi.*', 'pharai toh hoti rahegi, pet ko khus rakho', 'jarur bhai, char kiya apke liye à¥§à¥¦à¥¦ğŸ¥°']"
1bzntmc,Sab apni apni kahani btao,"Boring lg rha   


Sab apni apni stories btao. Koi bhi story chalegi. Bas batado :)  


>!Kya mtlb mai padhai kyu nhi kr rha hu!<",2024-04-09 09:26:16,"['Ek tha raja , ek thi rani ,dono mar gaye khatam kahani.', 'Ek chidiya thi, ek chida tha, dono ki shadi ho gayi\n\nDono chidchide ho gaye', ""Jab me 10th class me the, mera ek bohot acha dost tha hum log aksar class bunk kar ke long drive pe chale jate the, ya kabhi movie dekhne ya beach pe. Par board's ek mahine pehle me serious hogya or padhne laga par vo bkl nhi sudhra aur reddit pe backchodi karne laga, jab result aaya vo fail hogaya uske maa baap ne usse ghar se nikal diya, uski gf bhi usko chod ke chali gayi. Ab voh khud ko bech ke pase kamata hai hai aur fir us pase ki daru pita hai."", 'Khud bta le', 'Padhlo bhai exam sar pe hai![img](emote|t5_2qp7h|51077)\n\n>!kya mtlb meri bhi padhai kyun nahi ho rahii!<', 'Padh le bhai baad m vrna dusro ki kahani hi sunega success ki', 'Koi meri kahani bhi aisehi khatam kardo![img](emote|t5_2qp7h|51081)', 'That the longest story I ever heard', 'â€œReddit pe bakchodi krne lgaâ€', 'khud ko kaise bechta h aur kise bechta h', 'Phone number dena uska', 'kahani har baalak/baalika ki', 'Ruk usse puch ke batata hu......', 'ğŸ‘‰ğŸ‘Œ']"
1bplm3a,I want to order this calculator. But order is getting failed due to some reason. I used 2 different cards but it's still failing. What do I do?? I got an exam coming up soon and I need it.,,2024-03-28 03:24:21,"['Why this one exactly? Casio has good calculators for half the price?\n\nUnless it is something college has specifically asked to use', 'Ek baar phir se try kro', 'Try This Probably, Different Seller\nhttps://amzn.in/d/8KZJchL', 'https://www.amazon.in/Texas-Instruments-TI-30-XS/dp/B000UTKORK?source=ps-sl-shoppingads-lpcontext&ref_=fplfs&psc=1&smid=A1WYWER0W24N8S\n\nSame thing, prime seller, cheaper, faster delivery. cod available', 'Do UPI payment, or COD - Then pay online via UPI while receiving the package', 'Try Netbanking', 'Mein order kr deta hu, tu postal address bata', 'COD ....?', 'Actuary ??', 'Cash on delivery or UPI?', 'Stationary se lele ms plus yeh toh mehenga hai', 'Try COD', 'Let me buy it for you', 'COD suna hai', 'Can you get the same calculator from local stationary store?', 'I had similar issues ones, you can try buying an amazon gift card,lut balance into your amazon wallet and order using it.', 'You can add money to amazon pay via your cards then order using that money. That might work', '4k ka calculator :,)', ""It's so weird that colleges still insists on using such and old piece of tech that most people will not use once done with college.\xa0\n\n\nSorry for the rant.\xa0\n\n\nJust order cod and you can pay by upi, alternatively, just ask your seniors they won't be using theirs for the most part. Considering this one is taking ages to be delivered anyways."", 'Bro it has to be imported from another country ,thatâ€™s why itâ€™s failing ,some products that need to be imported arenâ€™t delivered to your pincode', 'Try artikate or scooboo', ""The institution I'm giving exams from has specifically asked for this one"", 'Not working', 'NOT SAME, OP posted Solar powered calc, you provided Battery powered calc.', 'No COD available.', 'Par tu to khatmal hai', 'No COD available', 'Yes', '4k is nothing compared to graphing calculators lol', 'What are these? Different brands?', 'Ye konsa institute hai casio prefer nahi karta!! ğŸ¥¹', 'You can orde Online from Mumbai\n\nI have one, are you preparing for CFA or FRM?', 'Kaunsa institution h??', 'Cfa?', 'Cod?', 'Bhai mai krdeta but mehnga order hai bohot....', 'Texas instruments ki website check kro and waha se dekho order kr sakte ki nhi, check kro ki calculators ka koi dedicated online store hai ya nhi, waha se bhi mangwa paoge, flipkart bhi check krlo.\n\nBtw, if you can trust me, pay me that amount and I would do the transaction using my upi.', 'No need to shout bro. OP can decide himslef', 'Haan par mein sweet khatmal hun joh dusro ki madat krta hai ![img](emote|t5_2qp7h|1312)', 'Kisi friend ko bolo tumhare address pe Bhijvane ko...', 'Oh thank god, it is so hard to come by one of us\n\nIf I may ask, are you giving ACET or any CS-CM exam ?', 'I always wanted to buy one but after seeing prices i dropped, Iâ€™ve seen one for 11k', 'Noob here, what are graphing calculators?\n\nEdit - checked one on Amazon. Looks dope. When does one use it though, like irl.', 'Websites', 'Calculator bhi ab institute decide karenge ğŸ¤¡', 'My exam institute also requires a calculator from this particular brand only, not this one tho, a financial calculator instead', '[deleted]', 'Bhai vo financial calculator hai hum log ko BA plus wala chahiye hota haina (fellow CFA student here )', '[deleted]', '[deleted]', 'Hahaha. No worries mate. Thanks for the kind thought.', 'Thanks Aryaman. But I tried doing exactly what you wrote yesterday. But they only deliver in America, Canada and Europe. But I did order it through UPI from Amazon itself.', '[removed]', 'Mostly by math majors', ""As someone already said it's mostly used by math majors and people doing PhDs in math heavy fields. It allows you to plot complex functions quickly and that's one of the major advantages over a normal scientific calculator. You can set parameters and all that as well. I haven't used it personally so my knowledge is limited but I have seen a few and played around for like 10 mins lol"", 'Are they legit?', 'You can purchase from other amazon sellers or order it from some store i forget it name it from mumbai, just post on CFA sub reddit about this and mention you need in India people will help you', 'I know I am also preparing for CFA', ""Is SOA better like I tried my luck in IFoA didn't worked out I'll be preparing for ACET for this may attempt. How about SOA"", 'Bhai admission kaise Mila ?', 'You have been banned from participating in indiasocial.\n\n-----\n\n- Reason(s): Rule 3\n\n- Day(s): 5\n\n-----\n\n[**Subreddit Rules**](https://www.reddit.com/r/indiasocial/w/rules) | [Reddit Content Policy](https://www.reddit.com/help/contentpolicy/) | [New To Reddit?](https://www.reddit.com/wiki/reddit101) | [Reddiquette](https://www.reddithelp.com/hc/en-us/articles/205926439)\n\n----\n\n[**Send a Mod-Mail**](https://reddit.com/message/compose?to=/r/indiasocial) **for queries/concerns - DO NOT send a chat request or pm to any individual Mod.**', 'Ah, got it. Thank you man.', 'Yep', 'I have used them and they are reliable', 'Level 3 candidate here, wbu ![img](emote|t5_2qp7h|49785)', '[deleted]', 'Thanks, will check it out', 'That helped. thanks!!']"
1bj930x,A short guide to overcome porn addiction,"Yesterday, I found a [post](https://www.reddit.com/r/indiasocial/s/gX5aYPRoLg) on this sub asking people about their addictions, and some of them said porn and masturbation. So, I made a short guide for those who are addicted to porn and want to overcome it.

Follow these advices. They will help to some extent.

1. Identify and eliminate all triggers (such as reels, NSFW photos, boredom, etc.)
2. Find a new healthy habbit to replace the habbit of watching porn.
3. Don't start nofap abruptly instead, wait until you're confident. Because if you start abruptly then you are keeping a track of time abstaining from porn which constantly reminds you to do it even more.
4. Instead track the time you wasted watching porn, every time you relapse. You can use an app like [this](https://play.google.com/store/apps/details?id=com.technoapps.quitaddiction).
5. Gadually decrease the frequency of your masturbation and increase the time between two consecutive ""sessions"".
6. Remember that YOU WILL RELAPSE at the start but don't let that demotivate you. 
7. Every time you relapse, admit it and learn from it. Then try to find the trigger that made you relapse. Work on it and eliminate that trigger.
8. Learn about concepts like what porn do to your brain, benefits of nofap, semen retention etc
9. Find alternatives to get dopamine rush.
10. Sleep early or few hours before your actual bedtime since most of the temptations occurs at night.

I would highly recommend to watch this [playlist](https://youtube.com/playlist?list=PLJdK6X7yqEZe_uTpS-5Cj_1GwevQLbV0-&feature=shared).

These points may apply to all addictions and are based on my personal experience and should be seen as guidance, not absolute truths.

I hope this will help someone :)",2024-03-20 09:05:35,"[""Well the information is good but I just wanted to ask if you are a certified doctor or something? Coz I got some questions regarding this situation, it's not like I'm suffering from this but I wanna answer some of the questions I got asked when I helped a guy overcome his addiction of excessive masturbation \n\n\nSo if ur free and got some kind of knowledge/expertise on this topic just leave a comment :)"", ""IMO, our brains are just obsessed with streaks nowadays. It feels so heartbreaking whenever we break any of our streak(be it on snapchat, duolingo,etc.). So i decided to record the time in which i was away from porn. Installed an app which gave me a timer widget which is now a part of my home screen. It has been running for 6 days now. So now whenever i feel like fapping, i just look upon this clock running on my home screen and think that if i do it, i will have to restart it and it helps me control the urge. Also as OP said, Boredom is one of the main factor. Please don't let yourself get bored. Watch anything if you don't feel like doing some work but stay away from boredom for a while."", ""Keeping yourself occupied is the most important and challenging task, you can keep doing that for 3-4 days or even a week at best but, it will eventually catchup to you in your most vulnerable state where you can take no more of it and will feel compelled to commit that act. This is where point 6 and 7 might come in clutch, even if you falter doesn't mean your resolve wasn't strong enough so learn to pick yourself up (take responsibility) in those moments instead of feeling guilty for it."", 'your problem is that you have too much time and energy to watch porn- get a super hectic job or intership, goto gym and train muscles...more you have free time to waste more you think about porn and all', 'Bro some people say excersie helps to reduce masturbation . Is it true ? . I live sedentary lifestyle\n Thinking to have healthy diet and exercise  .will it help ?\nIs there any relation between masturbation , bad diet and no exercise ?', '[deleted]', 'Thank you for the suggestions u/Creepy-Draft', ""No I'm not at all a certified doctor or an expert on this topic. The provided info is based on my experience and tips i found on social media. Feel free to ask or discuss anything related, if you want."", ""I'm not an expert but in my opinion healthy diet and exercise will help since you are keeping yourself busy in something and by the end of the day you will be out of energy to even think about masturbation."", 'Follow point 1,5,10 mentioned above. Also you can try to get yourself exhaust by doing physical activities or something by the end of the day.', 'Your welcome ![img](emote|t5_2qp7h|1617)']"
1bdwp5f,Need help ,"So I'm currently doing bcom hons.first year and I had decided this pehle se that i would give like banking exams and all like I wanted to go in banking sector only. But recently I got to know more about these courses in my college i.e. acca (Association of Chartered Certified Accountants) and cma (Certified Management Accountant) and I had asked few people that will it help me in like banking sector and all and mostly said that no it is not necessary but I kind of like, it generated my interest and I really wanted to do like this course. 

Next Okay so I also planned this that after my graduation like if by chance my mind changes to not pursue in Banking sector, i would then do an MBA. But usse pehle i wanted to gain some experience like after graduation and before doing MBA for like 1-2 years , but my elder sister like she's like no , you should not do it like that because tb tumhara padhai se interest hatt jaega cuz tb um kamane lg jaoge and all . So now I'm like super super confused. I know I'm very confused person but please please tell me what should I do .",2024-03-13 17:05:07,"[""Bcom hons. Final sem. \nThere isn't much you can do after bcom. If you aren't already in accounting. CA or audit. \nAnd it's very good that you will be opting for MBA. But for CAT exam or XAT exam. It is scored in percentile basis. And for better percentile you will need\nGood score on your 10+2\nGood score in recognised college\nAnd work experience. But more you work, better percentile you can score. \nIf your planning for studying abroad. Then also a very good option.""]"
1b867l7,Jio has a web browser with built-in VPN and AdBlocker,,2024-03-06 17:51:41,"['Tu promotion kar raha hai kya? Ambani ke wedding mai khane ko mila kya?', 'LOL, Jio was the first one to censor stuff (pornography), maybe other stuff too, who knows.', 'Is it any good tho?', 'Is it bug free', 'Really?', 'Just use Brave instead', 'Wedding nahi bhai pre-wedding.', 'Is it better than chrome?']"
1aj9ms9,I shat my pants for a moment. Convo with mumma.,"Apparently, my mumma's smart watch isn't calculating calories, hence her remark. Close call!",2024-02-05 06:06:05,"['She could have been a real jhaansi ki Rani if she found out you drank or something ğŸ˜‚ğŸ˜…', 'Itni cool mummy bhi hoti hai', 'Ye kya naaya tread hai WhatsApp chat reveal karee', 'o calories ?', 'Jis din mere maa ko pata chala na mai  Peeta hu phir mere kabar hi milegi logo ko . Body bhi nahi bachegi meri ![img](emote|t5_2qp7h|29265)![img](emote|t5_2qp7h|29265)![img](emote|t5_2qp7h|29265)![img](emote|t5_2qp7h|29265)', 'Mummy log emoji bhi bhejti h ?', 'Jhaansi ki Rani ğŸ˜­![img](emote|t5_2qp7h|1312)', 'Dude I first thought your mom is getting 4661 mbps download speed lol then I realised itâ€™s steps', '4 thousand steps and 0 cal? Kuch to gadbad hai. Daya, pata lagao...', '![gif](giphy|m3864rBwwBTKMAbpn3)', 'Even More When Caught drinking Foreign Daaru, Then She Would Say Bhaag Firangi Bhaag.', 'Maybe uske family m common ho isiliye kuch nhi boli', 'Mummy log WhatsApp chats bhi krti hai ?', 'IndeedğŸ˜‚ğŸ˜‚...', 'Meri toh hindi keypad m Krti h ğŸ˜Š']"
19d0nar,Listening to music.....,"After long time i listen to my music playlist. Started around 9pm and now it's 10:40.

Kaafi accha lg rha hai ab.ğŸ˜€ Tum sunte ho ab? Esa hota hai na time k sath kaam jada ho jaata hai, to time nahi milta ğŸ™‚",2024-01-22 17:12:56,"['Obviously,music helps me to study, clean my room or do any kind of works in house', 'Mai toh abhi lecture khatam kiya headphones ke chalte kan sun se pargaye baad me sununga sote waqt', 'what are you listening to?', 'Mostly Kk and old Himeesh, some English\xa0', ""What's your taste in music\xa0"", 'You got good taste. Do you listen to Sonu Nigam?', '[https://open.spotify.com/playlist/7bgZaQfXGJrgUqJfGbksEC?si=ac322cf5569541aa](https://open.spotify.com/playlist/7bgZaQfXGJrgUqJfGbksEC?si=ac322cf5569541aa)\n\n&#x200B;\n\ni am still moving my music collection to my spotify playlist, this is not even 5% of it.', 'Yes Sometimes\xa0']"
195qj19,Buying an oven,"Looking to buy a convection microwave oven. Used to have 32l LG oven that had a not too big breakdown (I think it was the display). But the repair people never got the part back in stock and in the end the oven has rbe thrown away. 

Please suggest an oven that lasts long or atleast is easily repairable and has parts available for more than a few years after production. Please also share your stories about getting these things fixed if you have any",2024-01-13 15:32:52,[]
1951n9k,Wtf? Amazon Thumbnail or Price Glitch?,"This came under Republic Day Pre-Sale Estimated Price Marketing.... cutting down 52,900...and new price starting from 7_,___? Though the actual price for the [TV](https://amzn.eu/d/epKehi8) was 81K when opened...and another lower version at 59k",2024-01-12 18:12:16,[]
190vhkl,My classmate drew an art and uploaded on her story!,bhai bandook odd nhi lg rhi thodi,2024-01-07 16:10:15,"['[deleted]', 'Bhai aisi bhi ek gun aati hai', 'Mere liye choti nahi hai', ""That's not chhoti.... That's a-average, right?"", 'your username and flair are supplementary! ğŸ˜‚', 'gun banane Wale ne classes Miss kr di hogi', '2â€ gang, wya??', 'Username checks out', 'Girth bhi matter krti h bhai']"
18tse34,Ain't no way bruh ğŸ’€,,2023-12-29 17:28:54,"['Charisma', 'Over for boomers', 'Hero Honda Karizma\n\nhttps://preview.redd.it/fy3kep1l8a9c1.jpeg?width=1079&format=pjpg&auto=webp&s=68e965b7fa9cc3da5124f740de0714b2119a84d9', 'Kitne Rs. ke liye tha ye question?', 'KBC is just running out of questions now.', '*à¤¯à¤¹à¥€ à¤¤à¤• à¤¥à¤¾ à¤¸à¤«à¤° à¤…à¤ªà¤¨à¤¾*', 'Rizz stands for being reasonable.\n\nI just have way too much rizzzzzzğŸ˜', 'No wonder I was contacted when the person chose Ask the Expert lifeline.', 'lololololololol', ""But the real question should've been can you get bitches?"", 'The thing is its last season of amitabh sir in kbc ,feels sad', 'is this real???', ""What's **rizz** though?"", 'Kai cenat is cooking fr\n\n![gif](giphy|W7SJ0K3ayHsYXRCFpL|downsized)', 'Charizzma', 'Kbc ka question select karne ka tarika thoda kazual hai', ""What's going on with Oxford University why are they giving word of the year to a slang used on streets and that too not all over the world"", 'Kaun banega gen z', 'How come people are shitting on KBC for this but nobody seems to be shitting on Oxford?', 'they gonna ask skibidi toilet lore next', 'Question me rizz ni thi', 'https://preview.redd.it/4j0i55of1b9c1.jpeg?width=640&format=pjpg&auto=webp&s=11ee14c7fb6f4e94e7d56b318c64f0b75edea5dd\n\nKarizma', 'Lmfaoooooooo', 'Lamo Mai raheta to unke samne hasta ğŸ˜‚', 'Charisma ![img](emote|t5_2qp7h|1617)', ';oomers not knowing the slangs aint cool anymore lol\n\nKBC proved!', '1. The Oxford uni press is responsible for this, the show is gonna ask questions about current events, and this was technically a current event.\n2. This was a ""celebrity"" episode, so they had to ask simple questions so they would not lose, as all the money won in the game is for charity.', 'Sticking out your gyatt for the rizzler you so skibidi you so fanum tax', 'Slang for jizz . Lmao', '6.40 L ya 12.50 L ka question hai ye bc', 'Kapoor', 'Bro got that KBC charisma', 'Ka Charisma', '7 Crore!', 'Phone a kid', 'Honda rizz - coming soon to a honda showroom near you', '7 crore', 'As there is no timer on top of the question we can only assume it to be after 3L. But a question like this at that stage is something ğŸ˜‚', '12.5 L', ""Rizz was the word of the year, so isn't it a reasonable question?"", 'They must use chatgpt', ""I didn't know it was still going on. I remember when it first started how huge it was."", 'They can use my end term exam questions.', ""Yea bruh, me too ğŸ˜ I've got mad bargaining skills, always get my haggle on in the sabzi market ğŸ˜ğŸ˜"", 'NoRizz', '![gif](giphy|kBZBlLVlfECvOQAVno)', 'Why sad? Are you sad that he cannot earn in crores anymore for every minute you watch him on screen and fantasize? ;0', 'Real. I was the computer.', '[deleted]', 'The ability to be charismatic', 'Cha-rizz-ma, lol', 'Reasonable. /S', 'Lol', '![gif](giphy|S8dwF2kqhQ1cEzycCx)', ""I would've given you a award if I could"", '[deleted]', 'R U the Mr. Vader from the Deathstar Canteen ğŸ˜‚ğŸ¤£', 'More drama basically', '40 lakh', '7 Thala for a reason', 'teach me too, I always get embarrassed when my mom does it, she counters 60 per kg with 10 per kg smh', ""Idc abt how much he earn nor do i watch kbc to know how much he earn and why wouldnt he earn what's problem in earning ? I am sad because kbc india is hard to imagine without amitabh bachchan , but iknow i will soon get over it."", 'huuhuu heehee', 'Thanks bro', 'Thanks', 'Jo Raveena hai wo Raveena nahi Karishma hai, aur jo Karishma hai wo Karishma nahi Raveena hai.\n\n![gif](giphy|l1IY4qHhI9FuJWnM4)', '![gif](giphy|UeSQ9QL32FAumeuZUz)', '![gif](giphy|CslvoHDJ38mIS7w8b4)', 'https://preview.redd.it/7hvflvjaia9c1.jpeg?width=611&format=pjpg&auto=webp&s=5eb60e364633786e8cc2f56e94959b5235c57b9b', '150 rupiya dega', 'Chup chutiyee thala ki mkc', '![img](emote|t5_2qp7h|1172) a. act as if you know the vendor, as if he/she is your brother/sister\n\nb. Ask for half the price, start as low as it can get. Forget logic and reasoning at this point\n\nc. say ki bought the exact same thing for a lesser price just a while ago\n\nd. always be confident\n\nAll the best brother', 'Be more sad about thou parents, my dude. For they shall go through the same. Be sad for what matters, my dude. Be sad for what matters.', '![gif](giphy|xT1Ra51sPKT4GqOqdy)', 'Ek woh tha Jo wicket le piche se haters ke lawde bja deta tha', 'why would he believe c point since Iâ€™m buying the same thing again?', 'Hey man i agree with you but does that mean we cant be sad for anything else other than parents ? Are you born dumb or became one', '![gif](giphy|u4IMEwplcIfMA)\n\nREGINA what are you doing here!!!!', '7 letters in â€˜Chutiyaâ€™ that is thala for a reasonâ€¦â€¦â€¦â€¦bhudhe ko retirement lene bol Aur Young Team India bahot potential hai but budha salla retire\nNahi hota', 'Bhai sabzi is brought weekly ![img](emote|t5_2qp7h|33979)', ""No, it means you shouldn't be sad about beings that don't matter or aren't aware of your existence. Thou shall work on thy comprehension skills or not be selective ;0"", 'Rizzina ğŸ˜', 'Ho toh gaya hai chutiye wo retire kabka, gand me sarr leke jeera hai kya laude', ""There is reason why human have emotions ,there are people out there who get attached to rocks , there are 1000's of people who get attached to youtubers they are watching , even if that attachment doesnt matter to them ,or the influencer they are watching arent aware of them, it all creates emotional bond b/w that youtuber to that person. And their is thing called entertainment which takes us to these emotional bond ,  although i understand your point what you wanted to say but thats not how these things work we are not programmed language that only cares about person near them we are human we empathize each other , there's reason why there are fund,charity ,donations are happening"", ""Well, I wasn't talking about charity but Fandom. Fans remain fans and live the life of fans till they die."", 'https://preview.redd.it/3mz4rkctud9c1.jpeg?width=750&format=pjpg&auto=webp&s=87fecc758a681a4fea25b94ddd43386f6890d19d\n\nYou are dumb i cant talk anymore', 'Typical Indian Fanboy spotted. Sad Truth.', 'Hey  man f off i watch kbc occasionally i shared my opinion i dont have any idol nor i am fan of anybody you are the one who is crying so hard idk what i said to your parents that my comment become intolerable to you', 'Well, if KBC was more important over who is hosting it, why did you appear obsessed with an old man and whining over him taking a break?']"
173l5cg,Be careful about purchasing from Amazon.,"They have now started a 10 day replacement from Brand. Bought a washing machine, it's faulty contacted amazon they said go to LG, LG says go to Amazon. Running pillar to post to get a new washing machine started, FML.

Any Advice on how to deal with LG customer service?


Update: Amazon has initiated returns. Very helpful customer care rep who I contacted  Initially reached out to me. She was helpful and has initiated a return. Hoping the return goes smoothly. The other customer care reps were pretty adamant on not accepting returns.",2023-10-09 06:39:35,"['Update: Amazon has initiated returns. Very helpful customer care rep who I contacted Initially reached out to me. She was helpful and has initiated a return. Hoping the return goes smoothly. The other customer care reps were pretty adamant on not accepting returns', 'OP ab soch raha hoga ki Store jaake kharid leta toh badhiya tha.', 'No idea but I hope you find a solution', ' Tweet it and show it govt., CERC, your states Police and general public as a PSA.', 'Create a grievance on the National Consumer Helpline Portal', ""As per my experience it's Amazon not flipkart. They will definitely solve your issues"", 'Iâ€™ve always been a big purchases from a store kinda guy but my wife said this is better. Resisting the urge to say told you so. \nLG wali se kalesh aur biwi se ladd ke kya hi milega ğŸ¥²', 'And post the solution too please', 'Wife ko bolo mein mein kuch weeks ke liye bahut busy rahunga kaam pe soo ye washing machine ka issue tum dekh lo.\n\nBaad mein kehna rehne do tumse kuch nahi hoga. ![gif](emote|free_emotes_pack|grin)', 'Bruh playing chess in 4D']"
15slfmu,I don't know ! What I am doing Right now with my life . Any Suggestions how to find out ??,"Yrr Pta nhi chal rha , kya kr rha hu... Bss jo h wo chal rha h ğŸ¥²..kuch advice dedo how to deal with it ...


Yrr phle Apne baare mein Description nhi diya

Above Average student till 10th uske baad Average ho gya...
Done Bachelors and Now in an IT firm...
Mujhe pta nhi sb aasaan lgta h..
Sb ka mtlb sb
Jaise - Paise kmaana ,
IAS bnna , Gormint job fod dena..
Lekin pta nhi kyu aage nhi badh paa rha ...
Stuck ho gya hu..
(Bhut jyaada friendly hu ..sbke saath hi ghumne lg jaata , sbko tym deta hu.. iss chakkar mein mst maari jaati meri,
Bhut jyaada farq padta h mujhe agar kisi friend ko kuch ho gya...ya kisi ne mere baare mein kuch bol diya...
Lgta h jaise ki main bekaar hi inse itna attached hu..koi matlab nhi h inko mujhse..lekin bahaar nhi aa paata hu..)
Gym bhi jaata hu..
Meditation bhi krta hu.
Lekin mujhe lgta h sbse badi problem dosti yaari h...ab tak jitna samajh mein aaya..
Beech mein 2 week ke liye dispression ho gya thha...
Bhut Anxiety, Tears rolling out ..
Lekin fir wo phase nikla dubaara ussi loop mein fss gya hu..",2023-08-16 09:55:37,"['Maar le ek baar', 'How come we can give u suggestion without knowing anything abt u.', 'Us bhai us', 'just tell something about urself and ur interest then we can help you !', 'Get married', 'Edited']"
15j0wro,Guys kaisa lg rah hai neya laptop mere college ke liye?,"I9 13th gen, RTX 4070",2023-08-05 17:04:47,"['Haan mummy coding k liye RTX jaruri hota h , teacher ne wahi lene ko bola h', 'Lappu sa laptop hai, shine itna Maar raha hai ğŸ‘ŒğŸ»', 'RTX ON. Padhai OFF', 'Hogayi iski padhai', ""All I'm asking is htf u will carry this 3Kg 18Inch laptop"", 'Validation seeking gone too farğŸ—¿', 'Accha hai sardi mein heater ka kaam karega ğŸ‘', 'Ab iske liye bhi validation chahie?', 'Bro jis din khud ke paycheck se lega uss din post/flex karna , log genuinely khush honge', 'Bc laptop waale sub mein daalta toh theek hota lekin gaand mein flex karne ki chul ko puri karni hi thi na?kya maza aaya ab?\n\nBc aisa nahi ki explore karu aur productive kaam keliye use karu laptop,mujhe toh social media pe jaake pehle flex jo karna hai\n\nBada ho ja yaar', 'Le OP\\* - Baapu pdhai vaste rtx 4070 jruri hunda\n\nhttps://preview.redd.it/s3blgm3sacgb1.jpeg?width=700&format=pjpg&auto=webp&s=be7878c9b2aa8587d6d462d7332d977704f03888', 'Bro got the LGBT keyboardğŸ¥µğŸ¥¶', 'good luck handling thermals boi![img](emote|t5_2qp7h|1172), congrats tho.', 'r/kothibanglacheck', 'Ignore the idiotic haters on this thread. Youâ€™re excited about this laptop, enjoy it!', 'Achha lag raha hai ğŸ‘Œ', 'Mehangaa lag rha hai to sahi hai', 'Glow up fr (pun intended)', 'Ha dekhiya tere pas paisa hai, ab khush?', 'RIP padhayi ğŸ’€', 'Bc the specs, factory bnaega kya iss laptop seğŸ˜±', ""I'm jealous bruh. Konsa college mein hain tu bhai?"", 'Overkill and unnecessary', 'Daddy ji study vaste RGB jaruri hunda aa', ""Bhari lag rha hai, like literally. Good luck carrying it around :). Congo btw, hope you're happyğŸ˜"", 'Next level', 'Rtx 4070?  \n\nitni jalan mereko aajtk kabhi nhi hui', 'Flex mat kar bhai', 'Tere mum!!\n\nOhh \n\nTera laptop mera hoja', ""Now that's what I call 'An engineer's laptop'"", ""Bhari lag rha hai, like literally. Good luck carrying it around :). Congo btw, hope you're happyğŸ˜"", 'Oo bhai LGBT laptop less go /s', 'Wallpaper change kr aankho meh chub rha hai', 'Gore ka bhi validation  chahiye?', 'Jatra', 'Dayum', 'â‚¹?', ""Which one it's and kitne ka pda?"", 'Me bhi aise hi laptop lunga clg ke liye![img](emote|t5_2qp7h|1617)', 'Mehenga lgg rha hai![img](emote|t5_2qp7h|1617)', 'Asus??', 'Nice', '[deleted]', '""Padhai vaaste graphic card zaruri hunda"" bolke li hai na', 'Accha lag raha hai bahi, ab party??', 'RgbğŸ‘', 'patani bhay isme kuch ho bhi payega ya nahi, google ke 2 tab khuljaye badi baat hai', 'Meri aukat ke bahar lag rha h', 'Are vai ,Full flex ![gif](emote|free_emotes_pack|sunglasses).', 'Is this the G/M series Rog?', 'Looks great. Get a laptop stand, mouse and keyboard. Should be a good setup.', 'Isse achcha pc build kar deta aur basic laptop le leta college ke liye.', 'Ek baar ishq hone de fir sari light band krke dark mode p chalayga', '1 lakh ka laptop hai isme toh mera Ghar chale jayenga', 'Konnsa antivirus lia hai?', 'How did you convince your dad dude?', 'Papa ko ek cup chai to bana ke de do! is laptop ke liye unhone apni aatma tak se kaam karwa liya hoga! btw it is more that what you require for college work', 'Padhai karni thi toh macbook le leta bro', 'Papa padhai karan vaste rtx 4070 jaruri honda ve', 'rtx padhai vaaste jaruri honda papaji', 'daddy ji, pdhai vaste rtx laptop jaruri hunda si', ""Laptop starting to become an oven in 3..2..1...  \n\nI hope you keep the laptop clean from the inside, otherwise, it's wasted potential."", ""I think you're on the pathway to realise that laptops are not gaming devices, no matter how good their thermals get. \n\nProbably this will be your first and last gaming laptop."", 'Khatam, hogaya, gaya', 'Laptop hona chaiye max 30k ka .\n//desktop banaao  andha paisa fenk ke//', 'Aura wallpaper mat lagao, thermal barbaad hojaata hai laptop ka', 'Lol mere pass ge78hx rtx 4090 laptop hai.. so??', 'RTX 4070 _damn boi_', 'Papa, college ke padhai vaste i9, RTX 4070 jaruri hunda si!!', 'College k liye bhsdkk 3lac k laptop, kafi sahi chutiya banaya baap ko.', 'Sasti randi ke makaan jaisa lgrha hai', 'Baap ko chuna mat lagana', ""don't you have heater in your house"", '""College keliye""', 'laptop jaisa', 'padhai vaste i9 13th gen + RTX 4070 jaruri hunda', '[deleted]', 'I am replacing my laptop with tablet for coding in college becoz tablet is light weight and this guy bought a 3kg plus laptop ğŸ’€', 'Bro that a 2.5lakh+ laptop there ğŸ’€', 'Bhai itna sexy laptop dekh ke kahi tere dost ispe hi masterbate na karde', '\\# NIcE', '""Now I\'m using RTX 4070, destroyer of my padhai""', ""Don't understand why people buy gaming laptop for coding?"", 'Bhai 2.8 Lakhs ka laptop to bilkul bhi nahi lag raha hai ye ğŸ¥²\n\nAm I the only one who hates these RGB sh!t machines? Logo ne to bawal bana diya hai rgb rgb karke. Ispe kaam kaise karega koi? Satrangi roshni se ankhein chaundhiya jayengi ğŸ˜µ\u200dğŸ’«', 'aab tera bhai krega coding isme (\u2060âŒ\u2060â– \u2060-\u2060â– \u2060) , coding hogi bahut bhayankar.', 'Konsa laptop hai ye??', 'The LGBTQ keyboard looks cool', 'Carry kaise karoge\n\nMere pass yehi same 16 inch wala hai aur wahi pretty heavy hai', 'Which brand ? Model ? Price ? \nProduct link?', 'All the best brudder, now and then study also.', 'Me personally speaking having a gaming laptop in college is never a good idea. You will miss out on many things.', 'Naye jaisa', 'Ha papa rgb wala laptop chahiye with rtx ke saath.', 'Bro really got an RTX 4070 for college ğŸ’€ğŸ’€', 'Congrats mate', '[removed]', 'Beta, padhai toh hogi nahi ispe. Bas GTA 5 cracked copy chalega. ğŸ˜‚', 'Which laptop is this?? Can anyone tell', 'college m laptop ka use bus porn dekhne m aur video game khelne m hota h', 'College ko laptop kyo de rahe ho ![img](emote|t5_2qp7h|5959)', 'congrats on your new device OP By the way how much did it costed', ""If it's a Rog strix just make sure you never close the lid and keep it on and put it in your bag"", 'the laptop looks so good !\n\ncongratulations man', 'Ha right. College ke liye. Right. Konse games install kiye ye batao pehleğŸ˜‚', 'Bhai bilkul rapchick chelga excel.', 'Good one bro, I still remember taking my 2012 i3 with an inbuilt graphics card to college. Memories â¤ï¸', 'Tere college ki fees jyada hai ki ye laptop ka MRP?', 'Amir ke chode', 'More rgb = more coding', 'Diwali jaisa', 'College kya isro ka rocket bhi control hoga ab to', 'Nowhere as good looking as a MacBook', 'ab iski zindagi isko charge karte karte chali jayegi /s.', 'Chekchi bhaiii', 'Laptop ki specifications or price bhi bta to bhai konsi company ka hai', ""I think PDF's kholte samay abhi bhi lag karega"", 'Iss pe banega naa excel dhang se. Good choice', 'Asus G17 lag raha hai dekhne mein...\n\nedit: G18 kab aagaya bc', 'Bekaar', '4070 ğŸ’€', 'Industrial Design ke liye liya hai. College se letter aya tha jisme recommended gpu rtx 4070 tha.', 'hahahahahahahahaha', 'Rula dia na bechari ko', 'poetry ğŸ•º', 'https://preview.redd.it/ydpx2y82ecgb1.jpeg?width=739&format=pjpg&auto=webp&s=f0e71293334bf9f74af80f350638de173fa5c670', 'Hahahaha indeed', ""Yeh Banda es setup ke sath 360hz ka 27'' monitor bhi bag mein lekar ghumay ga or tu 3KG ke baat kar raha hai"", 'You forgot the charger ğŸ”Œ', ""Nah bhai it's nice to play some games after slaving away your 9-6 in classes and coming back to room as mentally exhausted as possible"", 'Why does it bother you, though?', 'mast hath garam hojaenge kuch aur karne keliye', 'Delhi sub mein kisi ne first Mac kar ke post dala tha aaj. Sab congratulate bhi kar rahe the', 'bruh uss din bhi sab bolenge flex karra lol', 'Agree....apne baap ko pagal bna diya isne...bechara iska baap kaam kr kr ke voh 3 lakh ruppe kamaye honge...pr isko kya isko toh apni hawas mitane h gaming ki\n\nGandi aulad na maja na swad', 'Op :- bappu laptop lawa de menu...ni tah college chd dena hune ma', ""That's RBG M..........."", 'Imagine being this stupid and thinking ""I\'m not stupid"".', 'LGBTQ keyboard ğŸ˜‚ in advance, no offence for the community was being sarcastic...ğŸ˜…', 'This needs more upvotes really', 'Bro we are not hating...he is clearly flexing and scammed his father for 2.7 lakh laptop...not that it is any of my business but if u r gonna post something on reddit everyone have a right to point out the obvious', '1 lakh+ hain', 'tere baap\\*', 'L wallpaper tho', 'bhai ke college ne recommend karra hei ![img](emote|t5_2qp7h|1172)', 'ğŸ˜†', 'are bro thoda idhar udhar khumega tuh jalan se pak jayega literally', 'bhai sochra hoga casual subreddit of India mei dalunga tum logo ne toh usko embarrass hi kar diya', 'Fir college ke baad berozgaar bhi rehna padega', '![img](emote|t5_2qp7h|1172)', '2.7 peti', 'Looks like the Scar series if I am correct.', 'us bro us dark mode for life', '2.7 lakh ka hai ghar ke sath sath Kidney bhi jayegi', 'Ambani h uska baap bhai ğŸ’€', 'Yaha apne dad ko 29k ke tablet ke liye convince nahi kr para...jo ki coding ke liye chahiye..aur isne 2.7 lakh ke laptop ke liye kr dia ğŸ¤“', 'Bhai koi bhi tatti laptop se kaam hojata h college ka.....trust me...aaj kal toh phone se bhi kaam chl jata h...bhai ko sirf gaming krke reddit pr flex krna h', 'Ghatia laptop ğŸ˜‚...bhai padai ke liye windows best', 'Tablet with keyboard is cool too', 'Vahi yar ğŸ˜­...sala mai 29k ka tablet lera hoon online study and coding ke liye and ye 3 lakh ka laptop...bruh wtf', 'Bhai kisi pe bhi hojati h scripting aajkal toh phone pr bhi hojati h...ye apne baap ka chutiya kaat deya h ğŸ¤“', '![img](emote|t5_2qp7h|29272)', 'they can basically handle all of the major computer intensive tasks', ""OP ke case me, it's for design. not coding"", 'Bruh satrangi roshni band karne ka bhi option ata hoga lol', 'Coding ke liye nhi designing ke liye liya hai. Warna rtx kyu leta?', 'Asus strix g18', '#ally', 'college me honestly, koi aise laptops carry nahi karta, at least in engineering colleges. most of the time ye bad boy desk par hi raahega. at most, bed.', ""well, i heard this a lot before joining college. most of my mates and me have gaming laptops now but never miss out on most of the things. if we ever do, it's because of the studies, not the laptop itself ğŸ’€"", 'rtx 4070. neeche likha hai photo ke under', 'people watch porn on laptop?', 'actually, mera naam college hai. ye laptop mere liye hai na OP?', 'Macbook tatti h bhai...iski 10 percent power bhi nhi h usme...apple ke chode mat bno', 'Asus rog strix g18 I9 13th gen RTX 4070 16GB RAM', 'a bit of overkill hogya yeh toh', 'Clg Wale paise bhi de rhe honge!?', ""RTX 4070 recommend ğŸ˜¯\nExcept for rendering i don't where you can utilise it's full power, it's overpowered for gaming .\nThe only downside of using a gaming laptop is that they are power hungry , using in college  it needs to be connected to the charger the whole time.\n\nMy lap with full charge gives 3 hours of backup, i am tired of carrying it every day and use charging all time .\n\nIn designing High power GPU is needed so it's the only option.\n\n\nBut for everyone who needs a laptop for programming please please choose a light weight , long battery life , no gpu , low spec cpu ( don't use windows, linux will work great on it , and is better for CS students) , 8 gb ram laptop.\nNot saying so you can save money, but instead you will save time and efforts to carry"", 'Ye kaunsa college hai vai', 'Believe me ... Even for 3d rendering...30 series bhi kaafi h...3050 se bhi acha kaam chalta...agr sure hona tha toh 3070 lele te', 'I am very curious as to how people get into Industrial Design. When did you decide, what subjects did you get in school, and like are there colleges with this specialty or what? Or is this a very different degree?', '>Industrial Design\n\nbhai thoda samjha na ye', ""From cg background. You do NOT need 4070 unless you're trying to launch rockets into space with realtime render feedback. Overkill max pro.\nP.S the person who wrote the recommendation has no idea that even 2080 is suffice."", 'sath mei mouse , keyboard , headphones aur cooling fan bhi leke', 'Upvotes explain it', 'Ha to?', '[deleted]', 'Naah khud ke paise se kuch leta hai to , thats an achievement not a privilege. And log bhale hi jealous ho jaaye kisi ke achievements pe , but appreciate sab karte hai.\n\nCheckout the carsindia subreddit, yaha jab bhi koi khud ki first/new car post krta hai , bhale hi wo 3lakh ki ho ya 3 crore ki , sab log appreciate karte hai', 'are bro he must be very freaking rich warna 2.7 lakhs ka laptop nahi leta lol', ""damn 2.7 fucking lakhs didn't know that"", '1.5 lakh+ hai for sure', 'papa ji padhai ke vaaste i9 rtx4050 jaruri hunda', 'Bhai mere college ne kaha phone mein krlo coding ğŸ’€', 'Bs 2.7 lakh?', 'Aur jyada ka lag rha h', 'wo bhi dono', 'Dost, maa baap ki haddi gala ke kya flex karna. Khud kamao aur supercomputer kharido, kaun rok Raha.', 'Sasta wala hp ya dell se hi kaam chal jayegağŸ˜‚', 'Amir baap k aulaad hai, flex nai karega to kya karega.', 'aata hai, hnji', 'aree mazak kr rha tha, best of luck for your future bro. roll on !!!!!', 'College me kaam nahi padta phir laptop ka?', 'YEAH, LED SCREEN NAI MILTA college m', ""Really?? I have many times found there to be a case of sour grapes against Mac. People can't afford so they will diss Apple and Mac."", 'Mine is 1050 and it still works like a charm', 'Aur gaming table and chair', 'Is it an achievement?', 'How?', 'I understand but lying to ur parents who deeply care about ur study to buy u a 2.7 lakh laptop is not a moral thing to do...i know he is rich but even for a rich 2.7 lakh is not a small amount', '2.7lakh on Amazon.', 'Bhai agr ye job krke khardita mai bhi appreciate krta isko...', 'Bhai aaj kal android phone se bhi kaam chl jata h...phones itne advance h...but laptop have its convienence', 'Thank you brother', 'not really. main building has labs and a central library everyone can access if they need a pc. and room pe you have your laptop. ab 2.5 kg ka laptop carry karna kitno hi ke liye tolerable hoga lol.', 'Bhai apple ke fanboy ho aap smj gye...argument hote nahi bas opposing party ko bhikari bolke nikal lete ho...kabhi krke dekhna macbook and same price ke windows laptop mein gaming test...khud smj jaoge', ""Knowing that it's 1050 I'm assuming u hv a setup and not a laptop right?"", 'Tu he question puchraha hai. Tu he answer bhi deraha hai.', 'Apne paiso se liya to achievement h', 'Like showing a 4070 laptop and saying kaisa lag rha hai laptop college ke lie, and saying my first laptop and how happy they are and stuff, both are different.', '3 lac ğŸ’ª', 'Ohh I see \n\nIdhar sab laptop/tab pe hi notes likhte hai lecture ke waqt to meko laga engineering me bhi waise hi hota hai', ""Was just poking in good fun. Didn't mean to offend. Sorry. Good day to you"", 'Acer predator laptop', 'How is buying a laptop an achievement? That same person was going to Germany for higher education. But the congratulations were for the laptop', 'Macbook kyu nhi liya chomu ne', 'Offense Not taken...but what i say is apple is cool but it is not good for gaming', ""U sure it's 1050? Cuz I know 2050 and 3050 were released in India on laptops...but I've never heard of a 1050 laptop"", ""No it's not. If it's his own money understandable. So OP hasn't achieved anything in life yet. He's just bragging. This post shouldn't be here."", 'macbook mei codi.. I mean gaming kese karega', 'Yup I know', 'GTX 1050 Ti broğŸ˜…', ""When did u buy it?...a few years ago I was searching for a laptop with 1050ti...was never able to find it...anyways that's my point buying a 4070 laptop for college use is just way too much...even if u wanna render 3d objects""]"
152uou1,An Indian tabla player plays Balkan music - Magic happens,"https://youtu.be/lgUI5b2Wmjw

We dont have tabla in the Balkans but it fits so well with our music. This is a collaboration between Serbian, Bulgarian,
Macedonian and Indian musicians.",2023-07-18 10:30:08,"['amazing, thanks for sharing']"
13h856x,"r/IndiaSocial Bengaluru Meetup - Sunday, 4th June 2023","Hello everyone,

[Bengaluru Meetup](https://preview.redd.it/4mj5q68xrrza1.png?width=320&format=png&auto=webp&s=7a42f51f9036f1fc1fbcfe0e6778eb9cafc5028f)

After a successful [Mumbai Meetup](https://www.reddit.com/r/indiasocial/comments/134q02j/rindiasocial_mumbai_meetup_1st_may_2023/), we are back to hosting an [r/IndiaSocial](https://www.reddit.com/r/indiasocial/) Meetup on 4^(th) June, 2023 in Bengaluru.

If you are interested in joining us, you can RSVP below on Discord and also get the Meetup role on Discord Server.

* [RSVP Link](https://discord.gg/r-indiasocial-727016164215226450?event=1107243951217442916)
* [Discord Server Link](https://discord.com/invite/gUMHDU4YGk)
* Date : 4^(th) June, 2023
* Location : [Cubbon Park, UB City Signal](https://maps.app.goo.gl/zcPSQMSnSjeLgKXPA)
* Time : 04:00 PM *IST*

Let us know if you will be joining, by either sending us a modmail on reddit or joining the *#blr-meetup* channel on discord.

Ping **Amruth** and/or **Merchant\_Of\_Death** on Discord for any kind of coordination and clarifications.

If you have any further doubts regarding the same, you can comment down below.

*- ISO MOD Team*",2023-05-14 09:57:17,"['How to claim travel expenses ğŸ¤£ğŸ¤£ğŸ¤£', 'jee advanced is on 4 june ![img](emote|t5_2qp7h|1172)', ""Wohoo! Let's go folks! This should be fun."", 'Free Roohafza by MoD for whoever comes first.', '![img](emote|t5_2qp7h|1312)![img](emote|t5_2qp7h|1312)![img](emote|t5_2qp7h|1312)![img](emote|t5_2qp7h|1312)', 'Wrong timing ![img](emote|t5_2qp7h|29267)![img](emote|t5_2qp7h|29267)', 'I wonder why 4pm though, if it was in the morning we would have the whole day and an ample time to commute back.', 'yooo ill come', 'ğŸ‘€', 'What will be there? This is going to be my first meet-up through reddit. I assume some talks and some fun events and then dinner?', 'This good but Mumbai meetup was more fun', ""Does anyone have an idea of the age group of people attending the meetup? I'm sorry I'm new to this sub. I don't want to come and feel out of place. ğŸ˜…"", '![img](emote|t5_2qp7h|29267)', ""Why is everyone so obsessed with Cubbon park. Why can't a meet up happen in JP nagar"", ""Great. \nGuess I'm coming back to ISO. They are finally having a Bengaluru Meet-up.\n- Ashoka"", 'This is going to be weird! We wonâ€™t be strangers no more', 'Please 10 din date aage badha do ğŸ˜­ğŸ˜­', 'Take an IOU and submit travel documents for reimbursement.', '![img](emote|t5_2qp7h|1311)![img](emote|t5_2qp7h|1311)', 'Not fair. I was looking forward to pick your pocket ğŸ˜•', 'https://i.redd.it/hg6siejaeuza1.gif', 'i wanted to meet you sigh, I wish to get a anywhere door', '![img](emote|t5_2qp7h|1311)![img](emote|t5_2qp7h|1312)', '![img](emote|t5_2qp7h|30478)', ""Because you're kind of meeting many people for the first time and 1-2 hrs is kind of enough.\n\nFor the second meetup in BLR, we can have it for a longer period of time as you suggested."", 'Noice noice, rsvp in the link provided in post and join the blr-meetup channel.', 'ğŸ‘ï¸ğŸ‘„ğŸ‘ï¸', 'Dinner is not part of the meetup. There will be some games and stuff.\n\nu/Merchant_of_Death04 & u/amruthkiran94 will be the coordinators.', 'Can I borrow your Time Machine for a day or two?', 'What is your age group? If you are a teenager then you should come as most people will be teenagers. If you are older you should come to give others of your age group company.', '18-40 range will be there.', '![img](emote|t5_2qp7h|29267)', 'It was recommended because it is in center of city and known landmark, along with ample transportation.', ""You can be, you don't have to reveal your real name."", ""We can't unfortunately. Probably next meetup you can make it :)"", 'No! Biriyani for you. ğŸ˜¡', 'Omg AaloğŸ¥ºğŸ¥º Please come.', 'Okay yeah we are meeting for the first timeğŸ˜…', 'just did.', '[deleted]', 'Great! Thanks for replying', ""I'm curious,\nYou want to borrow his time machine to go in Past and have fun in MumbaiMeet or go in Future and see how bad BangaloreMeet is going to be.?"", 'Petrol dalwa Dena but', ""I'm 24, way past my teenage years."", 'Not in Bangalore on this day', 'Touche.\n\nBut Cubbon park is still cliche place.', 'thats cool now i wanna do that', 'So sad ğŸ˜­', 'Punctuation is important, thanks.', 'i wish ;_;', ""If not RSVP'd then do it in the link mentioned in post and head over to discord `#blr-meetup` channel."", '![img](emote|t5_2qp7h|1311)', 'ğŸ‘ï¸ğŸ‘„ğŸ‘ï¸', 'Thatâ€™s the last thing Iâ€™m going to do with a Time Machine.', 'Sorry bhai by mistake diesel daldiya, Ab Kya karu?', ""Then you'll fit right in don't worry."", 'Try to make it, or else next time aa jana :)', ""It's ok attend it. Next time will push for different location."", 'So is JP nagar lmao.', 'Have fun :)', 'Important like the kheer after a good biriyani.', 'delhi meet-up crow', 'Arey yaar', 'ab kuch nahi. ab aap Mumbai nahi aa sakte.', ""Thing is I'll probably reach Bangalore airport by 4pm\nThen I'll have to make another journey to Bangalore city"", 'Next is delhi. Keep the fries ready ğŸŸ', 'Shit mann, Mannat ko dekna mera life ka sapna ta. Ab to mera spana sapna hi raheja.', 'Yess Ban from Bambai', 'Oh damn', 'yyayaya ![img](emote|t5_2qp7h|1312)', '![gif](giphy|3ohhwfAa9rbXaZe86c|downsized)', 'ğŸ¥±']"
136m2dd,Best domestic shipping service for costly television,"I want to move my LG C1 tv worth around 1.5 lakhs from Chennai to Bangalore. I checked dtdc and it had a limit on item value of 50k. Please suggest a reliable shipping service to minimize risk of damage to the television. Shipping price is not a criteria, as the safety of the item is more important.",2023-05-03 14:13:31,"['How heavy is it ? \n \nYou can use the Delhivery app, used it for sending my Luggage bags , they transport it throug Volvo trucks I have seen it the driver drives very carefully and not rash.']"
11bk85e,Suggest me best AC around 45k.,"Room : 145 square feet

Looking for 1.5 Ton based on my room size.

Should last longer

Should have good local hardware support

How is LG AC ?

The products I am considering

LG : [https://www.amazon.in/LG-Convertible-Anti-Virus-Protection-RS-Q19YNZE/dp/B0BQ3MXML8/ref=zg\_bs\_10545602031\_sccl\_1/262-5729675-6459446?psc=1](https://www.amazon.in/LG-Convertible-Anti-Virus-Protection-RS-Q19YNZE/dp/B0BQ3MXML8/ref=zg_bs_10545602031_sccl_1/262-5729675-6459446?psc=1)

Panasonic : [https://www.amazon.in/Panasonic-Convertible-additional-Purification-CU-NU18YKY5W/dp/B0BRJ1973T/ref=cm\_cr\_arp\_d\_product\_top?ie=UTF8&th=1](https://www.amazon.in/Panasonic-Convertible-additional-Purification-CU-NU18YKY5W/dp/B0BRJ1973T/ref=cm_cr_arp_d_product_top?ie=UTF8&th=1)

Please recommend the model not brand because there are many models of a single brand right.",2023-02-25 12:47:06,"['Unless you use it 8hrs+ per day below 24C, no need to get 5star rated, 3/4 star will do.\n\nIf u want to make it last long, there are self cleaning tech ACs and then there is periodic maintenance(every jan before summers)', '[removed]', 'Complete copper pipes and condenser, proper insulation of room, blackout curtains, no fan while AC on, smartphone app wifi connection etc are worthy to consider']"
oxro7q,People! Why are Moms so cute sometimes!?,"A while back, she suddenly wakes up from her afternoon sleep saying, *""It's time to have ice-cream!""* Immediately afterwards, while folding the bedsheet, she starts singing **'Aaj main upar, aasma neeche, aaj main aage, zamana peecheeeee...'** and then frolicks away.

It was so effing cute! I was just sitting there laughing [exactly like this.](https://tenor.com/LgMo.gif) It was so adorable! And not just because she ate up the *'hai'* from *'zamana hai peeche'*... ğŸ¤­

Do you people have your cute Momma stories?!",2021-08-04 12:31:23,"['My mom cries like a baby when she comes back from her dental. Then its my turn to baby sit for a day.', 'Awww that is soo  cute.', 'Damn, she is really living her best life!', 'Mega Cutei', ""Praising her cooking. She dismisses saying 'This ingredient was missing. I learnt it from YT. I steamed this instead of frying. I found an alternative for this ingredient coz it's not something I like to add. Or just generalizing saying anyone can cook the dish coz it's so simple'. I know she is secretly proud of herself and appreciates my compliments. :P \n\nSome old song plays on TV, she sings along recollecting some memory from her childhood/her (late) family members. \n\nMy mom has this habit of saying things that I believe at face value. After some days or weeks, in some cases after months, I'll realize she was being sarcastic. (':'( I can never beat her at gentle hidden intelligent sarcasm. :P\n\nAlways dislikes whatever I buy for her or for myself. Her conversations on phone with relatives/friends say otherwise. :P"", 'happy cake day!', ""*video or didn't happen*"", 'I think I love you', ""So chai time is very important in my family. And Amma always insists on being the one to make it. We usually have it in the evening, but occasionally my brother asks for tea instead of his morning coffee. \n\nYesterday was one of those days. Amma popped into my room to ask if I'd like a cup as well, and my god, the smile on her face...stunning, man! She was so happy asking me if I'd like chai :D"", ""I love our moms so much. We're blessed"", '[removed]', 'Is reddit the new Quora?', '> in some cases after months\n\nLike in the middle of working...it hits you! ""SHE WAS BEING SARCASTIC!""\n\nIs recollecting memories when listening to old songs a thing? I think even I do that. I am also old enough to be a Mom; my friends already are...so that makes sense. \n\n> Her conversations on phone with relatives/friends say otherwise. :P\n\nYour\'s too?! :P', ""It's my cake day! It's my cake day! It's my cake day!"", 'you are everywhere', ""Aww. What made you fall in love with me? \n\nIt's my cake day! It's my cake day! It's my cake day! Yaaayyyy."", 'Small things make them so happy, right?!', ""Green Day also? Does she wear green on that day? Does she have matching jewellery too?! Does she make everyone else dress up too?! :D\n\nAnd it's my HAPPY CAKE DAY! Wish me! Yayyyy!"", 'Jyep. Do you have a story of your Momma being cute?', '100% right about the epiphany.\n\nAbout the memories - Ig they increase as we get older :P and the sweet longing for bygone times may be one more reason why they crop up.\n\nAbsolutely.', ""*look who's talking*"", 'ğŸ˜‚ğŸ˜‹ğŸ˜‹ğŸ˜‹. _All we need is love. Love is all we need._']"
