,word,tf-idf
0,cool,0.420577215839939
1,product,0.379876194952203
2,bad,0.2984741531767309
3,ac,0.26229546794318775
4,good,0.2396837896722233
5,buy,0.21707211140125884
6,quality,0.18806983353834839
7,installation,0.1718487548593299
8,low,0.14471474093417255
9,experience,0.14019240527997967
10,time,0.14019240527997967
11,lg,0.126625398317401
12,productbad,0.11615182995562767
13,take,0.10853605570062942
14,productcool,0.10248690878437734
15,much,0.09949138439224363
16,waste,0.09949138439224363
17,month,0.09949138439224363
18,leak,0.0956544481987522
19,even,0.09496904873805075
20,use,0.09496904873805075
21,money,0.09496904873805075
22,accool,0.08666109900553885
23,room,0.08140204177547207
24,customer,0.08140204177547207
25,moneybad,0.07799498910498497
26,coolbad,0.07515706644187672
27,service,0.07235737046708628
28,indoor,0.07235737046708628
29,also,0.07235737046708628
30,unit,0.07235737046708628
31,specially,0.06932887920443107
32,servicewaste,0.06932887920443107
33,usebad,0.06932887920443107
34,cooling,0.0633126991587005
35,never,0.0633126991587005
36,one,0.0633126991587005
37,properlywater,0.060662769303877186
38,lgac,0.060662769303877186
39,work,0.0587903635045076
40,less,0.0587903635045076
41,do,0.0587903635045076
42,flipkart,0.05426802785031471
43,zero,0.04978319123073927
44,recommend,0.04978319123073927
45,problem,0.049745692196121814
46,productproduct,0.0478272240993761
47,productwaste,0.0478272240993761
48,review,0.045223356541928925
49,raise,0.04425172553843491
50,complaint,0.04425172553843491
51,tonday,0.04099476351375094
52,capacity,0.040701020887736035
53,water,0.040701020887736035
54,outdoor,0.03617868523354314
55,productpoor,0.03466443960221553
56,degreecool,0.03466443960221553
57,coolington,0.03466443960221553
58,problemgood,0.03466443960221553
59,badbad,0.03416230292812578
60,experiencebad,0.03416230292812578
61,give,0.03165634957935025
62,purchase,0.03165634957935025
63,technician,0.03165634957935025
64,swing,0.03165634957935025
65,remote,0.03165634957935025
66,experiencecool,0.027329842342500625
67,lekeage,0.027329842342500625
68,daybad,0.027329842342500625
69,acbuy,0.027329842342500625
70,air,0.027134013925157355
71,everyoneplease,0.025998329701661653
72,lessplease,0.025998329701661653
73,issue,0.022611678270964462
74,power,0.022611678270964462
75,high,0.022611678270964462
76,poor,0.022611678270964462
77,day,0.022611678270964462
78,properly,0.022611678270964462
79,get,0.022611678270964462
80,recent,0.02049738175687547
81,mode,0.01808934261677157
82,brand,0.01808934261677157
83,temperature,0.01808934261677157
84,make,0.01808934261677157
85,ton,0.01808934261677157
86,nice,0.01808934261677157
87,friendly,0.017332219801107766
88,taking,0.017332219801107766
89,flipkartbad,0.017332219801107766
90,finishinggood,0.017332219801107766
91,gogood,0.017332219801107766
92,expert,0.017332219801107766
93,timebad,0.017332219801107766
94,productfeature,0.017332219801107766
95,hope,0.017332219801107766
96,user,0.017332219801107766
97,everyoneton,0.017332219801107766
98,visible,0.017332219801107766
99,worker,0.017332219801107766
100,vertical,0.017332219801107766
101,backday,0.017332219801107766
102,coolinstallation,0.017332219801107766
103,seem,0.017332219801107766
104,dayearly,0.017332219801107766
105,lowpoor,0.017332219801107766
106,skill,0.017332219801107766
107,longbrand,0.017332219801107766
108,supply,0.017332219801107766
109,seek,0.017332219801107766
110,monthplease,0.017332219801107766
111,lessone,0.017332219801107766
112,lessgoodbad,0.017332219801107766
113,moneygoodbad,0.017332219801107766
114,appliance,0.016594397076913094
115,please,0.016594397076913094
116,productgood,0.013664921171250313
117,part,0.013664921171250313
118,final,0.013664921171250313
119,always,0.013664921171250313
120,packaging,0.013664921171250313
121,full,0.013664921171250313
122,flow,0.013664921171250313
123,productbuy,0.013664921171250313
124,goodgood,0.013664921171250313
125,goodnice,0.013664921171250313
126,badgood,0.013664921171250313
127,horizontal,0.013664921171250313
128,qualityplease,0.013664921171250313
129,productnice,0.013664921171250313
130,design,0.013567006962578678
131,energy,0.013567006962578678
132,come,0.013567006962578678
133,hour,0.013567006962578678
134,go,0.013567006962578678
135,stop,0.013567006962578678
136,decrease,0.011062931384608728
137,support,0.011062931384608728
138,problembad,0.011062931384608728
139,save,0.011062931384608728
140,satisfy,0.011062931384608728
141,bed,0.011062931384608728
142,people,0.011062931384608728
143,ever,0.009044671308385785
144,consumption,0.009044671308385785
145,company,0.009044671308385785
146,overall,0.009044671308385785
147,run,0.009044671308385785
148,within,0.009044671308385785
149,normal,0.009044671308385785
150,well,0.009044671308385785
151,star,0.009044671308385785
152,noise,0.009044671308385785
153,able,0.009044671308385785
154,another,0.009044671308385785
155,connection,0.008666109900553883
156,productgoodgoodvalue,0.008666109900553883
157,making,0.008666109900553883
158,producthit,0.008666109900553883
159,productlot,0.008666109900553883
160,productlove,0.008666109900553883
161,everyonecool,0.008666109900553883
162,productlow,0.008666109900553883
163,moneyinstallation,0.008666109900553883
164,earn,0.008666109900553883
165,coollow,0.008666109900553883
166,experiencegood,0.008666109900553883
167,adjust,0.008666109900553883
168,sayin,0.008666109900553883
169,lgexllentgoodgoodgood,0.008666109900553883
170,lgwater,0.008666109900553883
171,problemless,0.008666109900553883
172,accooler,0.008666109900553883
173,roomsmoke,0.008666109900553883
174,gas,0.008666109900553883
175,efficiencygoodgoodcool,0.008666109900553883
176,smell,0.008666109900553883
177,probleminstallation,0.008666109900553883
178,monthgoodgoodgoodnice,0.008666109900553883
179,coolinggood,0.008666109900553883
180,poorbad,0.008666109900553883
181,lgcool,0.008666109900553883
182,sarveshproduct,0.008666109900553883
183,roomac,0.008666109900553883
184,productgoodgoodnice,0.008666109900553883
185,expressproduct,0.008666109900553883
186,coolingrecommend,0.008666109900553883
187,coolerpoor,0.008666109900553883
188,expressbrand,0.008666109900553883
189,flipkartgoodbad,0.008666109900553883
190,sit,0.008666109900553883
191,performancegoodproduct,0.008666109900553883
192,hrbad,0.008666109900553883
193,floorsvery,0.008666109900553883
194,availablecoolcool,0.008666109900553883
195,installed,0.008666109900553883
196,properlypoor,0.008666109900553883
197,lesscool,0.008666109900553883
198,usefulpoor,0.008666109900553883
199,satisfactorygoodproduct,0.008666109900553883
200,manufacturing,0.008666109900553883
201,acgoodbad,0.008666109900553883
202,consumptiontake,0.008666109900553883
203,manually,0.008666109900553883
204,modebad,0.008666109900553883
205,consumer,0.008666109900553883
206,satisfactorygoodcool,0.008666109900553883
207,productgoodgood,0.008666109900553883
208,purchased,0.008666109900553883
209,productgoodgoodgood,0.008666109900553883
210,monthgoodgoodnice,0.008666109900553883
211,poorhuge,0.008666109900553883
212,unitbuy,0.008666109900553883
213,temple,0.008666109900553883
214,productworkcool,0.008666109900553883
215,worktake,0.008666109900553883
216,equal,0.008666109900553883
217,workwater,0.008666109900553883
218,problembuy,0.008666109900553883
219,workworest,0.008666109900553883
220,daycool,0.008666109900553883
221,coolingday,0.008666109900553883
222,awsomegoodproduct,0.008666109900553883
223,item,0.008666109900553883
224,buyi,0.008666109900553883
225,lotbadgood,0.008666109900553883
226,monthworkac,0.008666109900553883
227,resolvegoodcool,0.008666109900553883
228,hard,0.008666109900553883
229,dirty,0.008666109900553883
230,daysdescribedupset,0.008666109900553883
231,daytime,0.008666109900553883
232,remoteinstallation,0.008666109900553883
233,problembadgood,0.008666109900553883
234,specification,0.008666109900553883
235,yearwoest,0.008666109900553883
236,special,0.008666109900553883
237,yr,0.008666109900553883
238,buywithin,0.008666109900553883
239,workplease,0.008666109900553883
240,problemgive,0.008666109900553883
241,goodinstallation,0.008666109900553883
242,machanic,0.008666109900553883
243,smellbadleakage,0.008666109900553883
244,muchdose,0.008666109900553883
245,whole,0.008666109900553883
246,pooronly,0.008666109900553883
247,productsmoke,0.008666109900553883
248,installationgoodeven,0.008666109900553883
249,fishy,0.008666109900553883
250,personnel,0.008666109900553883
251,godays,0.008666109900553883
252,timegoodwaste,0.008666109900553883
253,productuseful,0.008666109900553883
254,timegoodbad,0.008666109900553883
255,baduseful,0.008666109900553883
256,kilowatt,0.008666109900553883
257,problemindoor,0.008666109900553883
258,timecool,0.008666109900553883
259,techniciangoodamazegoodnice,0.008666109900553883
260,putwork,0.008666109900553883
261,coolingcoolgoodgoodgood,0.008666109900553883
262,onlinebad,0.008666109900553883
263,enoughproduct,0.008666109900553883
264,workingoverall,0.008666109900553883
265,workingsleep,0.008666109900553883
266,blatant,0.008666109900553883
267,pipeac,0.006832460585625156
268,in,0.006832460585625156
269,coolwater,0.006832460585625156
270,likege,0.006832460585625156
271,timely,0.006832460585625156
272,throw,0.006832460585625156
273,acproduct,0.006832460585625156
274,loot,0.006832460585625156
275,problemac,0.006832460585625156
276,coolingmuch,0.006832460585625156
277,long,0.006832460585625156
278,allocate,0.006832460585625156
279,refrain,0.006832460585625156
280,goodand,0.006832460585625156
281,expect,0.006832460585625156
282,badnice,0.006832460585625156
283,workac,0.006832460585625156
284,workbad,0.006832460585625156
285,worklow,0.006832460585625156
286,experienceac,0.006832460585625156
287,collingmore,0.006832460585625156
288,highgood,0.006832460585625156
289,accoolingworst,0.006832460585625156
290,properlybad,0.006832460585625156
291,start,0.006832460585625156
292,moneyone,0.006832460585625156
293,productplease,0.006832460585625156
294,soo,0.006832460585625156
295,acworst,0.006832460585625156
296,due,0.006832460585625156
297,respond,0.006832460585625156
298,fool,0.006832460585625156
299,jeevas,0.006832460585625156
300,everyoneoutdoor,0.006832460585625156
301,actually,0.006832460585625156
302,return,0.006832460585625156
303,noisy,0.005531465692304364
304,hc,0.005531465692304364
305,show,0.005531465692304364
306,exist,0.005531465692304364
307,okayplease,0.005531465692304364
308,require,0.005531465692304364
309,glow,0.005531465692304364
310,flipkartcool,0.005531465692304364
311,per,0.005531465692304364
312,available,0.005531465692304364
313,label,0.005531465692304364
314,coolingnext,0.005531465692304364
315,toh,0.005531465692304364
316,late,0.005531465692304364
317,universe,0.005531465692304364
318,since,0.005531465692304364
319,might,0.005531465692304364
320,chill,0.005531465692304364
321,acgood,0.005531465692304364
322,suffer,0.005531465692304364
323,degree,0.004522335654192892
324,proper,0.004522335654192892
325,technical,0.004522335654192892
326,small,0.004522335654192892
327,provide,0.004522335654192892
328,efficient,0.004522335654192892
329,like,0.004522335654192892
330,team,0.004522335654192892
331,inverter,0.004522335654192892
332,temp,0.004522335654192892
333,jeeves,0.004522335654192892
334,fast,0.004522335654192892
335,night,0.004522335654192892
336,worst,0.004522335654192892
337,change,0.004522335654192892
338,week,0.004522335654192892
339,buying,0.004522335654192892
340,want,0.004522335654192892
341,put,0.004522335654192892
342,value,0.004522335654192892
343,hot,0.004522335654192892
344,though,0.004522335654192892
345,say,0.004522335654192892
346,person,0.004522335654192892
347,wifi,0.004522335654192892
348,feature,0.004522335654192892
349,totally,0.004522335654192892
350,airfilter,0.0
351,recieved,0.0
352,al,0.0
353,properlyexpensive,0.0
354,properlycoolingworst,0.0
355,receive,0.0
356,recommended,0.0
357,really,0.0
358,real,0.0
359,readwrite,0.0
360,properlyleak,0.0
361,readwant,0.0
362,recommendbrand,0.0
363,reduce,0.0
364,properlycool,0.0
365,remain,0.0
366,removal,0.0
367,remoteworklow,0.0
368,remoteproduct,0.0
369,ai,0.0
370,remember,0.0
371,properlyai,0.0
372,properlyavoid,0.0
373,reliable,0.0
374,recommendnice,0.0
375,regret,0.0
376,register,0.0
377,regard,0.0
378,refund,0.0
379,refrigerator,0.0
380,readuse,0.0
381,properlychange,0.0
382,properlyno,0.0
383,readhonestly,0.0
384,readsupreb,0.0
385,alreadyflipkart,0.0
386,allows,0.0
387,prosuperchala,0.0
388,protect,0.0
389,qualitymodrate,0.0
390,qualitycoolling,0.0
391,qualitybuy,0.0
392,qualitybad,0.0
393,qualityapply,0.0
394,qualityac,0.0
395,almost,0.0
396,qc,0.0
397,purely,0.0
398,alotlg,0.0
399,purchasepoor,0.0
400,purchaseokproduct,0.0
401,purchaselg,0.0
402,purchasegreat,0.0
403,pros,0.0
404,properlyreally,0.0
405,readpurchase,0.0
406,qualityterrible,0.0
407,readproduct,0.0
408,readliked,0.0
409,purchasebad,0.0
410,readexcellent,0.0
411,readcool,0.0
412,readac,0.0
413,read,0.0
414,reach,0.0
415,properlyproduct,0.0
416,rd,0.0
417,rating,0.0
418,rather,0.0
419,rate,0.0
420,range,0.0
421,rainbad,0.0
422,quite,0.0
423,quickly,0.0
424,brandlg,0.0
425,productac,0.0
426,alsoaverage,0.0
427,partner,0.0
428,pcb,0.0
429,pay,0.0
430,patheticinstallation,0.0
431,pathetic,0.0
432,past,0.0
433,party,0.0
434,partexcellent,0.0
435,properi,0.0
436,partbut,0.0
437,partac,0.0
438,anyway,0.0
439,paisa,0.0
440,pain,0.0
441,app,0.0
442,pcbif,0.0
443,pe,0.0
444,peak,0.0
445,pennyexcellentproduct,0.0
446,anythingindoor,0.0
447,percent,0.0
448,perfect,0.0
449,perfectawesomedays,0.0
450,perfectawesomegood,0.0
451,perfectproduct,0.0
452,perform,0.0
453,performance,0.0
454,performancecool,0.0
455,performancelow,0.0
456,performancereally,0.0
457,performancevalue,0.0
458,performancewrite,0.0
459,pack,0.0
460,own,0.0
461,applicable,0.0
462,oneright,0.0
463,ofcourse,0.0
464,offer,0.0
465,offline,0.0
466,ok,0.0
467,okay,0.0
468,okayterrible,0.0
469,okayton,0.0
470,okcool,0.0
471,old,0.0
472,approximately,0.0
473,onecool,0.0
474,oneenergy,0.0
475,oneface,0.0
476,oneproduct,0.0
477,online,0.0
478,outer,0.0
479,ons,0.0
480,operate,0.0
481,operation,0.0
482,option,0.0
483,optionac,0.0
484,optionproduct,0.0
485,optionreview,0.0
486,optionwrite,0.0
487,order,0.0
488,others,0.0
489,othersthis,0.0
490,otherwise,0.0
491,out,0.0
492,approx,0.0
493,phone,0.0
494,pickup,0.0
495,pipe,0.0
496,productplz,0.0
497,repeat,0.0
498,amountget,0.0
499,amountcool,0.0
500,amountbad,0.0
501,productcoolingworst,0.0
502,productday,0.0
503,productdelivery,0.0
504,productenergy,0.0
505,amountavoid,0.0
506,alwindow,0.0
507,productmarkextremely,0.0
508,productnever,0.0
509,alsoreview,0.0
510,productperform,0.0
511,alsoreally,0.0
512,prodectok,0.0
513,productpost,0.0
514,alsopls,0.0
515,productreview,0.0
516,productrun,0.0
517,productterrible,0.0
518,productthank,0.0
519,alsogood,0.0
520,productwork,0.0
521,productworth,0.0
522,productwrite,0.0
523,professionally,0.0
524,prolonged,0.0
525,promise,0.0
526,promised,0.0
527,annoy,0.0
528,process,0.0
529,pitch,0.0
530,positionac,0.0
531,place,0.0
532,planning,0.0
533,play,0.0
534,anything,0.0
535,pls,0.0
536,plz,0.0
537,point,0.0
538,policy,0.0
539,politeits,0.0
540,anyonetake,0.0
541,poorinstallation,0.0
542,poornot,0.0
543,pooroutdoor,0.0
544,poorplease,0.0
545,positionbuy,0.0
546,problemplease,0.0
547,positionexpensive,0.0
548,positive,0.0
549,post,0.0
550,anyone,0.0
551,previously,0.0
552,price,0.0
553,pricecool,0.0
554,priceproduct,0.0
555,pro,0.0
556,anymore,0.0
557,problemai,0.0
558,problemaverage,0.0
559,anti,0.0
560,problemcool,0.0
561,repaygo,0.0
562,satisfied,0.0
563,replacecool,0.0
564,timekharab,0.0
565,trust,0.0
566,true,0.0
567,troublesomenice,0.0
568,trouble,0.0
569,trcool,0.0
570,tq,0.0
571,total,0.0
572,top,0.0
573,tonterrible,0.0
574,tonn,0.0
575,ackharab,0.0
576,acnice,0.0
577,tomne,0.0
578,tip,0.0
579,timer,0.0
580,try,0.0
581,tubeac,0.0
582,turn,0.0
583,unique,0.0
584,unsatisfied,0.0
585,unprofessionalread,0.0
586,unprofessionalcool,0.0
587,unprofessional,0.0
588,unitcool,0.0
589,acit,0.0
590,unexperienced,0.0
591,twice,0.0
592,understanding,0.0
593,understand,0.0
594,unbearableproduct,0.0
595,unbearablelow,0.0
596,unacceptable,0.0
597,two,0.0
598,timemuch,0.0
599,timegood,0.0
600,sure,0.0
601,acoverall,0.0
602,tem,0.0
603,tell,0.0
604,technology,0.0
605,acs,0.0
606,teamalso,0.0
607,tata,0.0
608,tap,0.0
609,talk,0.0
610,acsair,0.0
611,acso,0.0
612,tacnician,0.0
613,system,0.0
614,switch,0.0
615,swingbest,0.0
616,actual,0.0
617,tema,0.0
618,temprature,0.0
619,term,0.0
620,thermal,0.0
621,acplease,0.0
622,till,0.0
623,throughout,0.0
624,thinking,0.0
625,think,0.0
626,thing,0.0
627,therefore,0.0
628,test,0.0
629,the,0.0
630,thay,0.0
631,thanks,0.0
632,thank,0.0
633,tha,0.0
634,th,0.0
635,update,0.0
636,upto,0.0
637,usage,0.0
638,usageproduct,0.0
639,acac,0.0
640,workdesign,0.0
641,workcool,0.0
642,acbad,0.0
643,without,0.0
644,withlgsufficient,0.0
645,acbest,0.0
646,wish,0.0
647,wise,0.0
648,winter,0.0
649,wing,0.0
650,window,0.0
651,widow,0.0
652,wide,0.0
653,white,0.0
654,worklot,0.0
655,workproduct,0.0
656,workwaste,0.0
657,wtf,0.0
658,yet,0.0
659,yes,0.0
660,yearthrow,0.0
661,yearscompany,0.0
662,year,0.0
663,yeah,0.0
664,wrost,0.0
665,workwell,0.0
666,wrong,0.0
667,write,0.0
668,would,0.0
669,worthpurchasefirst,0.0
670,worthgoodlike,0.0
671,worth,0.0
672,wellwant,0.0
673,wellslow,0.0
674,wellgood,0.0
675,vachi,0.0
676,viraat,0.0
677,vey,0.0
678,vellaru,0.0
679,vasthunae,0.0
680,vary,0.0
681,variant,0.0
682,vaccum,0.0
683,virat,0.0
684,utterly,0.0
685,usual,0.0
686,usepurchase,0.0
687,useless,0.0
688,acgreatniceoverall,0.0
689,acheard,0.0
690,viral,0.0
691,accountablenoisy,0.0
692,welldesign,0.0
693,way,0.0
694,wellauto,0.0
695,accept,0.0
696,weather,0.0
697,wear,0.0
698,waysuperproduct,0.0
699,waysupereverything,0.0
700,wattsuperb,0.0
701,visit,0.0
702,wastage,0.0
703,wasool,0.0
704,warranty,0.0
705,voltayear,0.0
706,voltas,0.0
707,volta,0.0
708,surely,0.0
709,supportive,0.0
710,replacement,0.0
711,samsung,0.0
712,segment,0.0
713,admire,0.0
714,see,0.0
715,second,0.0
716,season,0.0
717,searchcoolplz,0.0
718,scrap,0.0
719,saver,0.0
720,savebest,0.0
721,advanatge,0.0
722,satisfygood,0.0
723,affect,0.0
724,satisfiedlg,0.0
725,od,0.0
726,satisfaction,0.0
727,sell,0.0
728,send,0.0
729,separate,0.0
730,set,0.0
731,showerbuy,0.0
732,showerbad,0.0
733,shameful,0.0
734,sft,0.0
735,sevingplz,0.0
736,sevingcool,0.0
737,address,0.0
738,serious,0.0
739,servicesuper,0.0
740,servicejust,0.0
741,servicefirst,0.0
742,servicedisappointment,0.0
743,adequately,0.0
744,servecool,0.0
745,satisfac,0.0
746,sale,0.0
747,acvery,0.0
748,safe,0.0
749,returnexchange,0.0
750,rethink,0.0
751,result,0.0
752,rest,0.0
753,responsework,0.0
754,responsewatter,0.0
755,responsegive,0.0
756,response,0.0
757,resolve,0.0
758,reset,0.0
759,rescheduled,0.0
760,requirement,0.0
761,request,0.0
762,repute,0.0
763,report,0.0
764,ahead,0.0
765,reviewsatisfiednoise,0.0
766,reviewwaste,0.0
767,roomwaste,0.0
768,runbuy,0.0
769,agent,0.0
770,rude,0.0
771,rs,0.0
772,rotate,0.0
773,roomwell,0.0
774,roomthird,0.0
775,right,0.0
776,roomthey,0.0
777,roomplease,0.0
778,roomcool,0.0
779,roombad,0.0
780,ago,0.0
781,risk,0.0
782,showpiece,0.0
783,side,0.0
784,sideways,0.0
785,significant,0.0
786,store,0.0
787,still,0.0
788,stickercool,0.0
789,step,0.0
790,starunit,0.0
791,starproduct,0.0
792,stareverything,0.0
793,starbuy,0.0
794,starbad,0.0
795,adamant,0.0
796,standard,0.0
797,stand,0.0
798,stabilizer,0.0
799,st,0.0
800,square,0.0
801,strong,0.0
802,stupid,0.0
803,submit,0.0
804,suggestweek,0.0
805,superb,0.0
806,super,0.0
807,sunlightgood,0.0
808,sunlightfaster,0.0
809,summer,0.0
810,summarise,0.0
811,suggestread,0.0
812,successfully,0.0
813,suggestpurchase,0.0
814,suggestion,0.0
815,suggestget,0.0
816,suggest,0.0
817,sufficient,0.0
818,sudden,0.0
819,sqft,0.0
820,sq,0.0
821,spring,0.0
822,additional,0.0
823,solution,0.0
824,solar,0.0
825,smart,0.0
826,smallgr,0.0
827,slow,0.0
828,sleep,0.0
829,size,0.0
830,something,0.0
831,situation,0.0
832,sir,0.0
833,similar,0.0
834,silentgood,0.0
835,silent,0.0
836,significantlylow,0.0
837,someone,0.0
838,soon,0.0
839,spokenwork,0.0
840,speedoutdoor,0.0
841,spokeninstallation,0.0
842,spokenenergy,0.0
843,spokenbad,0.0
844,split,0.0
845,spendingnice,0.0
846,speedplease,0.0
847,speedbad,0.0
848,sorry,0.0
849,speed,0.0
850,add,0.0
851,speak,0.0
852,spare,0.0
853,space,0.0
854,sound,0.0
855,odd,0.0
856,as,0.0
857,observeless,0.0
858,drastically,0.0
859,easy,0.0
860,earlkart,0.0
861,durable,0.0
862,dual,0.0
863,drop,0.0
864,drawbacks,0.0
865,drawbackcool,0.0
866,drain,0.0
867,become,0.0
868,doer,0.0
869,bestremote,0.0
870,disturb,0.0
871,display,0.0
872,discount,0.0
873,discomfort,0.0
874,disastrous,0.0
875,echanu,0.0
876,effect,0.0
877,effectbut,0.0
878,effective,0.0
879,enka,0.0
880,engineer,0.0
881,bestpurchase,0.0
882,emi,0.0
883,elsehappy,0.0
884,else,0.0
885,electronics,0.0
886,electricity,0.0
887,elapse,0.0
888,eitherdo,0.0
889,efficientcool,0.0
890,efficiencyvalue,0.0
891,efficiency,0.0
892,effectiveok,0.0
893,effectiveac,0.0
894,disappointspare,0.0
895,disappointpathetic,0.0
896,disappointmentsettlement,0.0
897,demand,0.0
898,delivered,0.0
899,deliver,0.0
900,deliberately,0.0
901,deli,0.0
902,delegate,0.0
903,degreeperform,0.0
904,degreemuch,0.0
905,betteri,0.0
906,deg,0.0
907,definitely,0.0
908,defective,0.0
909,default,0.0
910,big,0.0
911,decision,0.0
912,deceive,0.0
913,delivery,0.0
914,deny,0.0
915,disappointment,0.0
916,dependent,0.0
917,disappointed,0.0
918,disappoint,0.0
919,directionac,0.0
920,direct,0.0
921,dirc,0.0
922,difficult,0.0
923,different,0.0
924,difference,0.0
925,differ,0.0
926,despite,0.0
927,desire,0.0
928,designproduct,0.0
929,designgood,0.0
930,bestwell,0.0
931,description,0.0
932,enoughnice,0.0
933,ensure,0.0
934,especially,0.0
935,fix,0.0
936,first,0.0
937,fire,0.0
938,bedworst,0.0
939,fine,0.0
940,beep,0.0
941,filterwork,0.0
942,filter,0.0
943,filpkartbest,0.0
944,feeling,0.0
945,feel,0.0
946,faster,0.0
947,far,0.0
948,fan,0.0
949,family,0.0
950,fall,0.0
951,fit,0.0
952,flipcart,0.0
953,fair,0.0
954,flipkari,0.0
955,flipkartton,0.0
956,flipkartterrible,0.0
957,flipkartproduct,0.0
958,flipkartoverall,0.0
959,flipkartone,0.0
960,flipkartno,0.0
961,flipkartmodrate,0.0
962,flipkartmodel,0.0
963,flipkartindoor,0.0
964,flipkartfeature,0.0
965,flipkartbuy,0.0
966,bedroom,0.0
967,flipkartawesome,0.0
968,flipkartac,0.0
969,bedside,0.0
970,fake,0.0
971,fail,0.0
972,etccool,0.0
973,executive,0.0
974,except,0.0
975,excellentwaste,0.0
976,excellent,0.0
977,bestac,0.0
978,bestbuy,0.0
979,everyone,0.0
980,everyday,0.0
981,every,0.0
982,everone,0.0
983,evercool,0.0
984,everbad,0.0
985,bestdelivery,0.0
986,bestproduct,0.0
987,etcthird,0.0
988,etclow,0.0
989,exchange,0.0
990,expectation,0.0
991,facility,0.0
992,expectproduct,0.0
993,face,0.0
994,extreme,0.0
995,extra,0.0
996,express,0.0
997,explain,0.0
998,begin,0.0
999,experienceproduct,0.0
1000,experiencepower,0.0
1001,experienceone,0.0
1002,experienceefficiency,0.0
1003,behaviour,0.0
1004,believe,0.0
1005,experienceas,0.0
1006,best,0.0
1007,expensive,0.0
1008,dealmodel,0.0
1009,days,0.0
1010,dayplz,0.0
1011,boys,0.0
1012,colling,0.0
1013,coastac,0.0
1014,clearly,0.0
1015,clear,0.0
1016,clean,0.0
1017,classy,0.0
1018,class,0.0
1019,claim,0.0
1020,circulate,0.0
1021,chusi,0.0
1022,choose,0.0
1023,choice,0.0
1024,check,0.0
1025,cheat,0.0
1026,cheap,0.0
1027,collinginstallation,0.0
1028,commendable,0.0
1029,charge,0.0
1030,comment,0.0
1031,compressor,0.0
1032,completely,0.0
1033,complete,0.0
1034,complant,0.0
1035,bluestar,0.0
1036,complain,0.0
1037,competitor,0.0
1038,comparison,0.0
1039,compare,0.0
1040,comparatively,0.0
1041,companybad,0.0
1042,boy,0.0
1043,compain,0.0
1044,compact,0.0
1045,communication,0.0
1046,chargeproduct,0.0
1047,center,0.0
1048,concern,0.0
1049,buyingbad,0.0
1050,buyingac,0.0
1051,buygood,0.0
1052,buyget,0.0
1053,buyexpensive,0.0
1054,buyeject,0.0
1055,buycool,0.0
1056,buybed,0.0
1057,buyavoid,0.0
1058,brandget,0.0
1059,button,0.0
1060,build,0.0
1061,budget,0.0
1062,bring,0.0
1063,brandwifi,0.0
1064,brandsuperb,0.0
1065,buyingai,0.0
1066,buyingget,0.0
1067,ceiling,0.0
1068,buylg,0.0
1069,cc,0.0
1070,cause,0.0
1071,carry,0.0
1072,care,0.0
1073,brandbad,0.0
1074,call,0.0
1075,calibration,0.0
1076,cake,0.0
1077,buywrost,0.0
1078,buywrite,0.0
1079,buyworest,0.0
1080,buyreally,0.0
1081,buypoor,0.0
1082,buypeople,0.0
1083,buylook,0.0
1084,con,0.0
1085,concerned,0.0
1086,dayoutdoor,0.0
1087,current,0.0
1088,create,0.0
1089,coverwrite,0.0
1090,coverexpensive,0.0
1091,coverac,0.0
1092,cover,0.0
1093,couple,0.0
1094,could,0.0
1095,costget,0.0
1096,cost,0.0
1097,copper,0.0
1098,cooperative,0.0
1099,coolproduct,0.0
1100,blame,0.0
1101,coolingwork,0.0
1102,coolingvalue,0.0
1103,cunit,0.0
1104,currently,0.0
1105,coolingterrible,0.0
1106,bit,0.0
1107,daygood,0.0
1108,dayenergy,0.0
1109,bill,0.0
1110,billthird,0.0
1111,dayac,0.0
1112,billwaste,0.0
1113,date,0.0
1114,dash,0.0
1115,dark,0.0
1116,damage,0.0
1117,dakin,0.0
1118,daily,0.0
1119,daikin,0.0
1120,dabbacool,0.0
1121,dabbaai,0.0
1122,blanket,0.0
1123,coolingsuper,0.0
1124,concernokaycool,0.0
1125,continuously,0.0
1126,continuous,0.0
1127,continue,0.0
1128,continously,0.0
1129,contact,0.0
1130,consumptionwifi,0.0
1131,consumptiontotally,0.0
1132,blue,0.0
1133,consumes,0.0
1134,consume,0.0
1135,consider,0.0
1136,connect,0.0
1137,confuse,0.0
1138,conditionercool,0.0
1139,conditioner,0.0
1140,condition,0.0
1141,continuousbad,0.0
1142,convertible,0.0
1143,coolingsmall,0.0
1144,blowingawesome,0.0
1145,coolingplease,0.0
1146,coolingoutdoor,0.0
1147,coolinggive,0.0
1148,coolingfar,0.0
1149,coolingenergy,0.0
1150,coolingbuy,0.0
1151,coolingbig,0.0
1152,coolingalmost,0.0
1153,coolingac,0.0
1154,coolerunit,0.0
1155,coolerproduct,0.0
1156,cooler,0.0
1157,coolenergy,0.0
1158,coolcool,0.0
1159,blower,0.0
1160,flipkartwrost,0.0
1161,foam,0.0
1162,observe,0.0
1163,lot,0.0
1164,lowbuy,0.0
1165,lowavoid,0.0
1166,attractive,0.0
1167,lovely,0.0
1168,love,0.0
1169,lots,0.0
1170,lotproduct,0.0
1171,loose,0.0
1172,focus,0.0
1173,looknice,0.0
1174,authorise,0.0
1175,look,0.0
1176,authorize,0.0
1177,location,0.0
1178,local,0.0
1179,lnstallation,0.0
1180,lowcool,0.0
1181,lower,0.0
1182,lowget,0.0
1183,attempt,0.0
1184,mark,0.0
1185,many,0.0
1186,manner,0.0
1187,makesi,0.0
1188,maker,0.0
1189,makeclaim,0.0
1190,atm,0.0
1191,major,0.0
1192,maintenance,0.0
1193,maintaine,0.0
1194,maintain,0.0
1195,main,0.0
1196,machinegood,0.0
1197,machine,0.0
1198,luck,0.0
1199,little,0.0
1200,line,0.0
1201,limited,0.0
1202,lessac,0.0
1203,length,0.0
1204,awesome,0.0
1205,leftright,0.0
1206,leek,0.0
1207,ledhuflipkart,0.0
1208,ledhu,0.0
1209,leave,0.0
1210,least,0.0
1211,leaking,0.0
1212,leakage,0.0
1213,awsomegood,0.0
1214,lead,0.0
1215,le,0.0
1216,later,0.0
1217,lasting,0.0
1218,away,0.0
1219,lessbad,0.0
1220,limit,0.0
1221,lessfully,0.0
1222,lightgood,0.0
1223,light,0.0
1224,life,0.0
1225,lie,0.0
1226,lgyou,0.0
1227,lgvoltas,0.0
1228,lgs,0.0
1229,lggood,0.0
1230,automatically,0.0
1231,level,0.0
1232,let,0.0
1233,lesswatter,0.0
1234,lessthird,0.0
1235,average,0.0
1236,avva,0.0
1237,market,0.0
1238,markgood,0.0
1239,may,0.0
1240,niceexcellent,0.0
1241,new,0.0
1242,aroundpoorconsume,0.0
1243,neither,0.0
1244,neighbours,0.0
1245,negative,0.0
1246,need,0.0
1247,nd,0.0
1248,namemarkproduct,0.0
1249,name,0.0
1250,must,0.0
1251,multiple,0.0
1252,arrivalfaster,0.0
1253,mostly,0.0
1254,monththird,0.0
1255,arrivalpro,0.0
1256,around,0.0
1257,nitrogen,0.0
1258,monthenergy,0.0
1259,noice,0.0
1260,nunchi,0.0
1261,number,0.0
1262,notice,0.0
1263,nothing,0.0
1264,notcheating,0.0
1265,normally,0.0
1266,april,0.0
1267,noninvertor,0.0
1268,nonfunctional,0.0
1269,non,0.0
1270,noiselook,0.0
1271,noiseless,0.0
1272,area,0.0
1273,noicewrite,0.0
1274,noicepower,0.0
1275,monthgive,0.0
1276,monthcool,0.0
1277,mean,0.0
1278,assume,0.0
1279,mobilecool,0.0
1280,mobile,0.0
1281,mistake,0.0
1282,miss,0.0
1283,minute,0.0
1284,mins,0.0
1285,mind,0.0
1286,mincool,0.0
1287,min,0.0
1288,metre,0.0
1289,metallic,0.0
1290,messedup,0.0
1291,mess,0.0
1292,mention,0.0
1293,mechanic,0.0
1294,mobileeverything,0.0
1295,model,0.0
1296,monthac,0.0
1297,modelbuy,0.0
1298,brandsand,0.0
1299,moneypoor,0.0
1300,moneyokoverall,0.0
1301,moneyoknice,0.0
1302,moneyokgoodoverall,0.0
1303,moneykharab,0.0
1304,moneyheavy,0.0
1305,ask,0.0
1306,moneygood,0.0
1307,aspect,0.0
1308,moneyac,0.0
1309,assistance,0.0
1310,modern,0.0
1311,modelunit,0.0
1312,modelis,0.0
1313,last,0.0
1314,lack,0.0
1315,kwh,0.0
1316,happen,0.0
1317,guysthey,0.0
1318,guy,0.0
1319,gudreally,0.0
1320,gudawesome,0.0
1321,grow,0.0
1322,ground,0.0
1323,greatsuperblg,0.0
1324,great,0.0
1325,gosuperlike,0.0
1326,goproduct,0.0
1327,goodwaste,0.0
1328,goodtwo,0.0
1329,goodthere,0.0
1330,goodsow,0.0
1331,goodrun,0.0
1332,half,0.0
1333,happens,0.0
1334,goodpro,0.0
1335,happy,0.0
1336,highly,0.0
1337,highday,0.0
1338,highac,0.0
1339,badlow,0.0
1340,hence,0.0
1341,helps,0.0
1342,help,0.0
1343,height,0.0
1344,heavygood,0.0
1345,heavy,0.0
1346,heard,0.0
1347,headache,0.0
1348,hate,0.0
1349,hardly,0.0
1350,harass,0.0
1351,goodproduct,0.0
1352,goodok,0.0
1353,highvalue,0.0
1354,functionality,0.0
1355,basic,0.0
1356,ft,0.0
1357,frustration,0.0
1358,front,0.0
1359,beautiful,0.0
1360,friend,0.0
1361,frequently,0.0
1362,free,0.0
1363,fraud,0.0
1364,frank,0.0
1365,forever,0.0
1366,foot,0.0
1367,foolishing,0.0
1368,follow,0.0
1369,foldable,0.0
1370,function,0.0
1371,fund,0.0
1372,badlyrating,0.0
1373,future,0.0
1374,goodlow,0.0
1375,goodgreatgood,0.0
1376,goodbad,0.0
1377,baga,0.0
1378,gofound,0.0
1379,goexcellent,0.0
1380,gocool,0.0
1381,bagundiii,0.0
1382,balcony,0.0
1383,bank,0.0
1384,genuine,0.0
1385,general,0.0
1386,ge,0.0
1387,gasplease,0.0
1388,gasinstallation,0.0
1389,highstand,0.0
1390,highwant,0.0
1391,know,0.0
1392,instllation,0.0
1393,instead,0.0
1394,instant,0.0
1395,instalplease,0.0
1396,installingall,0.0
1397,installbad,0.0
1398,installationfeel,0.0
1399,backlightin,0.0
1400,install,0.0
1401,instalgood,0.0
1402,instalation,0.0
1403,instal,0.0
1404,inlet,0.0
1405,initially,0.0
1406,infront,0.0
1407,inefficient,0.0
1408,instent,0.0
1409,insult,0.0
1410,indoorwork,0.0
1411,invertor,0.0
1412,kind,0.0
1413,kick,0.0
1414,key,0.0
1415,keep,0.0
1416,kani,0.0
1417,kabaddi,0.0
1418,justify,0.0
1419,junktotally,0.0
1420,june,0.0
1421,jubardast,0.0
1422,job,0.0
1423,jeewas,0.0
1424,jeevs,0.0
1425,iv,0.0
1426,itroom,0.0
1427,indore,0.0
1428,indoorthird,0.0
1429,hitachi,0.0
1430,hrsatisfied,0.0
1431,hroutdoor,0.0
1432,however,0.0
1433,howers,0.0
1434,hower,0.0
1435,hourwater,0.0
1436,backlit,0.0
1437,horrible,0.0
1438,badbuy,0.0
1439,hopeless,0.0
1440,hopefully,0.0
1441,badcool,0.0
1442,honest,0.0
1443,hometown,0.0
1444,home,0.0
1445,hitachino,0.0
1446,hrperform,0.0
1447,huge,0.0
1448,indoorenergy,0.0
1449,hyderabad,0.0
1450,backlightvalue,0.0
1451,indian,0.0
1452,increase,0.0
1453,inconvenience,0.0
1454,incompetent,0.0
1455,include,0.0
1456,inch,0.0
1457,inadequate,0.0
1458,improve,0.0
1459,impression,0.0
1460,importantcool,0.0
1461,ignore,0.0
1462,ifb,0.0
1463,ice,0.0
1464,hype,0.0
1465,lookac,0.0
